
-- les roles
insert into ROLEUTIL(idR,nomR) values
	(1,'Concepteur'),
	(2,'Sondeur'),
	(3,'Analyste'),
	(4,'Entreprise');

-- les utilisateurs
insert into UTILISATEUR(idU,nomU,prenomU,login,motDePasse,idR) values
	(1,'RIGUSAMEAU','Benoit','util1','util1',1),
	(2,'CHENNE','Solene','util2','util2',2),
	(3,'ESTOMPT','Arnaud','util3','util3',3),
	(4,'OLANGAL','Célia','util4','util4',1),
	(5,'DUPIN','Aurelien','util5','util5',2),
	(6,'CHANNO','Lena','util6','util6',3),
	(7,'BREBIGNE','Guillaume','util7','util7',1),
	(8,'CHENALE','Solene','util8','util8',2);

-- les clients
insert into CLIENT(numC,raisonSoc,adresse1,adresse2,CodePostal,Ville,Telephone,email) values
	(15678,'Colore ta vie','12 avenue des Nuages',NULL,'45650','Saint Jean le Blanc','0238778822','ctv@peinture.fr'),
	(15688,'Atout Web','145 rue de l''Avenue','près de la Poste','45000','Orléans','0238123456','jean.paul@web.com');

-- les panels
insert into PANEL(idPan,nomPan) values 
	(1,'France global 1'),
	(2,'Moins de 50 ans'),
	(3,'France global 2');

-- liste des catégories socio-professionnelles
insert into CATEGORIE(idCat,intituleCat) values 
	('1','Agriculteurs exploitants'),
	('2','Artisans, commerçants, chefs d''entreprise'),
	('3','Cadres, professions intellectuelles supérieures'),
	('4','Professions intermédiaires'),
	('5','Employés'),
	('6','Ouvriers'),
	('7','Inactifs ayant déjà travaillé'),
	('8','Autres sans activité professionnelle');

-- liste des tranches d'ages
insert into TRANCHE(idTr,ValDebut,ValFin) values
	('1',20,29),
	('2',30,39),
	('3',40,49),
	('4',50,59),
	('5',60,69),
	('6',70,120);

-- les questionnaires
insert into QUESTIONNAIRE(idQ, Titre, Etat, numC, idU, idPan) values
(1,'Des gouts et des couleurs','A',15678,1,1),
(2,'Popularité des sportifs','C',15688,4,1),
(3,'Ecoute des radios','C',15678,1,2),
(4,'Les fast-foods','C',15678,7,1);

-- Les type de questions
insert into TYPEQUESTION(idT,intituleT,typeReponse) values
('u','Choix unique','Entier'),
('m','Choix multiple','Caractères'),
('c','Classement','Caractères'), 
('n','Note','Entier'),
('l','Réponse libre', 'Caractères');

-- les questions du questionnaire 1
insert into QUESTION(idQ,numQ,texteQ,MaxVal,idT) values
(1,1,'De quelle couleur souhaiteriez vous peindre les lampadaires de la ville?',NULL,'u'),
(1,2,'Sur une échelle de 0 à 10 comment noteriez vous la couleur des lampadaires de la ville?',10,'n'),
(1,3,'Sur une échelle de 0 à 10 comment noteriez vous la couleur de la mairie?',10,'n'),
(1,4,'Parmi ces couleurs classez en trois pour repeindre la façade de la mairie.',3,'c'),
(1,5,'Quelle est votre couleur préférée?',NULL,'l');

-- les valeurs possibles pour les réponses à choix multiples ou classement du questionnaires 1
insert into VALPOSSIBLE(idQ, numQ, idV, Valeur) values
(1,1,1,'Bleu'),
(1,1,2,'Vert'),
(1,1,3,'Rouge'),
(1,1,4,'Jaune'),
(1,1,5,'Blanc'),
(1,1,6,'Noir'),
(1,1,7,'Cyan'),
(1,4,1,'Bleu'),
(1,4,2,'Vert'),
(1,4,3,'Rouge'),
(1,4,4,'Jaune'),
(1,4,5,'Blanc'),
(1,4,6,'Noir'),
(1,4,7,'Cyan');

-- liste des caracteristiques
insert into CARACTERISTIQUE(idC,sexe,idTr,idCat) values
	('F55','F','5','5'),
	('H45','H','4','5'),
	('F15','F','1','5'),
	('F17','F','1','7'),
	('F13','F','1','3'),
	('F35','F','3','5'),
	('F37','F','3','7'),
	('H27','H','2','7'),
	('H28','H','2','8'),
	('F38','F','3','8'),
	('F57','F','5','7'),
	('F34','F','3','4'),
	('H31','H','3','1'),
	('H67','H','6','7'),
	('H26','H','2','6'),
	('F58','F','5','8'),
	('F41','F','4','1'),
	('F67','F','6','7'),
	('H32','H','3','2'),
	('H34','H','3','4'),
	('H66','H','6','6'),
	('H22','H','2','2'),
	('F28','F','2','8'),
	('F47','F','4','7'),
	('F25','F','2','5'),
	('H16','H','1','6'),
	('F56','F','5','6'),
	('F22','F','2','2'),
	('H17','H','1','7'),
	('F43','F','4','3'),
	('H57','H','5','7'),
	('H36','H','3','6'),
	('H14','H','1','4'),
	('H56','H','5','6'),
	('H48','H','4','8'),
	('F52','F','5','2'),
	('H18','H','1','8'),
	('F64','F','6','4'),
	('F33','F','3','3'),
	('F14','F','1','4'),
	('H25','H','2','5'),
	('H54','H','5','4'),
	('F23','F','2','3'),
	('F36','F','3','6'),
	('H58','H','5','8'),
	('H11','H','1','1'),
	('H23','H','2','3'),
	('F44','F','4','4'),
	('F65','F','6','5'),
	('F26','F','2','6'),
	('H12','H','1','2'),
	('F48','F','4','8'),
	('F45','F','4','5'),
	('F27','F','2','7'),
	('H65','H','6','5'),
	('F42','F','4','2'),
	('F32','F','3','2'),
	('F66','F','6','6'),
	('H13','H','1','3'),
	('F24','F','2','4'),
	('H38','H','3','8'),
	('H37','H','3','7'),
	('F16','F','1','6'),
	('H64','H','6','4'),
	('F11','F','1','1'),
	('H55','H','5','5'),
	('F46','F','4','6'),
	('H21','H','2','1'),
	('H46','H','4','6'),
	('H43','H','4','3'),
	('H44','H','4','4'),
	('F68','F','6','8'),
	('H24','H','2','4'),
	('F18','F','1','8'),
	('H15','H','1','5'),
	('H41','H','4','1'),
	('F12','F','1','2'),
	('H47','H','4','7'),
	('F63','F','6','3'),
	('H35','H','3','5'),
	('H68','H','6','8'),
	('H33','H','3','3'),
	('H42','H','4','2');


-- liste des sondes
insert into SONDE(numSond,nomSond,prenomSond,dateNaisSond,telephoneSond,idC) values
	(1,'BANAZIAI','Mathieu',STR_TO_DATE('23/1/1980','%d/%m/%Y'),'0415700849','H26'),
	(2,'DONGEPLI','Charlotte',STR_TO_DATE('22/4/1982','%d/%m/%Y'),'0968323713','F26'),
	(3,'BOBAINO','Robin',STR_TO_DATE('23/11/1955','%d/%m/%Y'),'0548638156','H58'),
	(4,'BOUTIDICHT','Rokhaya',STR_TO_DATE('4/11/1982','%d/%m/%Y'),'0195292189','F25'),
	(5,'VIZZON','Pierre-adrien',STR_TO_DATE('27/5/1994','%d/%m/%Y'),'0943288321','H18'),
	(6,'MAZOUX','Juliette',STR_TO_DATE('1/8/1974','%d/%m/%Y'),'0310769891','F37'),
	(7,'NACHOSOU','Mathieu',STR_TO_DATE('14/12/1982','%d/%m/%Y'),'0917665384','H28'),
	(8,'RERCART','Louane',STR_TO_DATE('11/6/1969','%d/%m/%Y'),'0873709595','F34'),
	(9,'RORELAMAU','Maxime',STR_TO_DATE('12/8/1962','%d/%m/%Y'),'0244596789','H45'),
	(10,'GRELIS','Leana',STR_TO_DATE('25/10/1980','%d/%m/%Y'),'012782234','F22'),
	(11,'RAHWETT','Pierrick',STR_TO_DATE('6/3/1980','%d/%m/%Y'),'0852612430','H26'),
	(12,'HUELETE','Rokhaya',STR_TO_DATE('19/5/1980','%d/%m/%Y'),'0984295512','F27'),
	(13,'RODEANASI','Thibault',STR_TO_DATE('9/7/1954','%d/%m/%Y'),'0242730092','H58'),
	(14,'COYDOT','Capucine',STR_TO_DATE('24/11/1983','%d/%m/%Y'),'0684675178','F28'),
	(15,'BRUVONORONE','Thomas',STR_TO_DATE('20/8/1981','%d/%m/%Y'),'0365481661','H23'),
	(16,'BOURIER','Caroline',STR_TO_DATE('13/7/1956','%d/%m/%Y'),'0444890901','F44'),
	(17,'LARQUIER','Jean-baptiste',STR_TO_DATE('5/4/1971','%d/%m/%Y'),'0993248134','H37'),
	(18,'BORCY','Manon',STR_TO_DATE('15/3/1953','%d/%m/%Y'),'0294847956','F58'),
	(19,'CHENAU','Malory',STR_TO_DATE('17/1/1940','%d/%m/%Y'),'0576779667','H68'),
	(20,'BAUNN','Eléna',STR_TO_DATE('8/6/1944','%d/%m/%Y'),'016689252','F68'),
	(21,'MEY','Remy',STR_TO_DATE('16/6/1974','%d/%m/%Y'),'0339723609','H35'),
	(22,'ANGUET','Capucine',STR_TO_DATE('1/9/1942','%d/%m/%Y'),'0822391639','F68'),
	(23,'BESCER','Antoine',STR_TO_DATE('5/11/1945','%d/%m/%Y'),'0224044533','H68'),
	(24,'FAN','Leana',STR_TO_DATE('12/2/1955','%d/%m/%Y'),'0233248096','F58'),
	(25,'LANINCHA','Kevin',STR_TO_DATE('20/1/1984','%d/%m/%Y'),'0230539969','H26'),
	(26,'ABON','Eléna',STR_TO_DATE('25/1/1992','%d/%m/%Y'),'0532115378','F11'),
	(27,'MOURN','Teddy',STR_TO_DATE('8/8/1984','%d/%m/%Y'),'0864370136','H22'),
	(28,'RHARELTERI','Cindy',STR_TO_DATE('26/8/1993','%d/%m/%Y'),'0774668445','F14'),
	(29,'DAMY','Baptiste',STR_TO_DATE('19/2/1969','%d/%m/%Y'),'0964350769','H32'),
	(30,'DARTIQUER','Jade',STR_TO_DATE('13/6/1956','%d/%m/%Y'),'0721545638','F46'),
	(31,'DILY','Jean',STR_TO_DATE('19/2/1993','%d/%m/%Y'),'0444237808','H16'),
	(32,'MALNNELIER','Clara',STR_TO_DATE('27/12/1948','%d/%m/%Y'),'0790154263','F58'),
	(33,'WIMPURO','Alan',STR_TO_DATE('9/4/1946','%d/%m/%Y'),'0460677721','H57'),
	(34,'SCHINDON','Rokhaya',STR_TO_DATE('21/1/1975','%d/%m/%Y'),'0694494484','F33'),
	(35,'GAIZIK','Leo',STR_TO_DATE('21/6/1948','%d/%m/%Y'),'0323596929','H57'),
	(36,'MABIKIN','Léa',STR_TO_DATE('3/2/1991','%d/%m/%Y'),'0185763621','F16'),
	(37,'ZOLONES','Thomas',STR_TO_DATE('4/1/1959','%d/%m/%Y'),'0810258280','H44'),
	(38,'RURTRAU','Clara',STR_TO_DATE('27/9/1965','%d/%m/%Y'),'0242595480','F45'),
	(39,'ROSQ','Yohann',STR_TO_DATE('24/10/1954','%d/%m/%Y'),'059343720','H57'),
	(40,'CHAUSS','Léa',STR_TO_DATE('14/2/1968','%d/%m/%Y'),'0813724598','F32'),
	(41,'MAUSERD','Clement',STR_TO_DATE('22/3/1978','%d/%m/%Y'),'0637394765','H27'),
	(42,'EVRRNI','Elsa',STR_TO_DATE('3/8/1957','%d/%m/%Y'),'0184879827','F47'),
	(43,'ALLFIN','Olivier',STR_TO_DATE('24/2/1994','%d/%m/%Y'),'0326797107','H15'),
	(44,'CHABENCI','Romane',STR_TO_DATE('28/4/1988','%d/%m/%Y'),'0711033407','F16'),
	(45,'KAITILÉ','Florentin',STR_TO_DATE('19/12/1942','%d/%m/%Y'),'0328910430','H67'),
	(46,'LOURILLO','Alice',STR_TO_DATE('20/3/1974','%d/%m/%Y'),'0925339609','F34'),
	(47,'YAMOUL','Nicolas',STR_TO_DATE('12/2/1953','%d/%m/%Y'),'0159095067','H57'),
	(48,'SGOIGERE','Anaïs',STR_TO_DATE('27/10/1948','%d/%m/%Y'),'0371456863','F57'),
	(49,'CENOTHER','Mehdi',STR_TO_DATE('25/8/1976','%d/%m/%Y'),'0151916331','H27'),
	(50,'SIDIVI','Elisa',STR_TO_DATE('12/6/1946','%d/%m/%Y'),'0515318537','F57'),
	(51,'LUEBIMBE','Paul-Antoine',STR_TO_DATE('21/10/1950','%d/%m/%Y'),'0672024664','H57'),
	(52,'MHUGRY','Félicie',STR_TO_DATE('24/12/1945','%d/%m/%Y'),'0948130244','F67'),
	(53,'CHENQUARGON','Kevin',STR_TO_DATE('10/10/1947','%d/%m/%Y'),'0578379303','H57'),
	(54,'DASNIEY','Célia',STR_TO_DATE('21/4/1962','%d/%m/%Y'),'0847341005','F45'),
	(55,'FLLLAN','Johan',STR_TO_DATE('12/3/1992','%d/%m/%Y'),'0811236590','H17'),
	(56,'RARPI','Agathe',STR_TO_DATE('16/1/1974','%d/%m/%Y'),'0989113470','F37'),
	(57,'DJOUDE','Romain',STR_TO_DATE('6/11/1995','%d/%m/%Y'),'0463977773','H14'),
	(58,'CRBIN','Eléna',STR_TO_DATE('3/10/1960','%d/%m/%Y'),'0586262692','F44'),
	(59,'BESSS','Dimitri',STR_TO_DATE('12/7/1969','%d/%m/%Y'),'0621530897','H34'),
	(60,'MANC','Marion',STR_TO_DATE('1/11/1984','%d/%m/%Y'),'0214334370','F27'),
	(61,'BOUBON','Matthias',STR_TO_DATE('18/2/1995','%d/%m/%Y'),'0276324787','H17'),
	(62,'BEFOCINES','Roxane',STR_TO_DATE('23/4/1982','%d/%m/%Y'),'0278581792','F25'),
	(63,'DUBANER','Ludovic',STR_TO_DATE('2/1/1958','%d/%m/%Y'),'0713480161','H43'),
	(64,'MONAEUER','Lou',STR_TO_DATE('9/12/1977','%d/%m/%Y'),'0556131916','F26'),
	(65,'BARY','Aurelien',STR_TO_DATE('16/4/1941','%d/%m/%Y'),'0789948585','H67'),
	(66,'SUMANT','Manon',STR_TO_DATE('4/3/1990','%d/%m/%Y'),'0166157460','F15'),
	(67,'SARRAS','Gilian',STR_TO_DATE('8/4/1952','%d/%m/%Y'),'0334003604','H57'),
	(68,'CHUTARIE','Faustine',STR_TO_DATE('22/9/1937','%d/%m/%Y'),'0747118618','F67'),
	(69,'DRUTET','Kévin',STR_TO_DATE('21/2/1995','%d/%m/%Y'),'042184234','H13'),
	(70,'SOUMBIART','Claire',STR_TO_DATE('13/5/1986','%d/%m/%Y'),'0612905845','F13'),
	(71,'THOVI','Pierre-adrien',STR_TO_DATE('22/2/1965','%d/%m/%Y'),'0326872473','H45'),
	(72,'TAUAIER','Nolwenn',STR_TO_DATE('19/4/1956','%d/%m/%Y'),'0431907644','F43'),
	(73,'LEGELAM','Yan',STR_TO_DATE('17/3/1939','%d/%m/%Y'),'0426538554','H67'),
	(74,'BIAMERD','Alicia',STR_TO_DATE('26/12/1993','%d/%m/%Y'),'072768010','F15'),
	(75,'MOWUNER','Ismael',STR_TO_DATE('5/4/1949','%d/%m/%Y'),'0741751286','H57'),
	(76,'THARCHEL','Alice',STR_TO_DATE('10/2/1971','%d/%m/%Y'),'0174409066','F34'),
	(77,'URILAN','Yanaël',STR_TO_DATE('28/11/1960','%d/%m/%Y'),'0317664485','H47'),
	(78,'LELD','Lena',STR_TO_DATE('10/7/1960','%d/%m/%Y'),'0674273637','F45'),
	(79,'THALOUERD','Olivier',STR_TO_DATE('15/12/1986','%d/%m/%Y'),'059907446','H16'),
	(80,'DARL','Marion',STR_TO_DATE('7/4/1967','%d/%m/%Y'),'019390164','F33'),
	(81,'DEPTEA','Florent',STR_TO_DATE('16/12/1943','%d/%m/%Y'),'0272781666','H67'),
	(82,'GALGOT','Félicie',STR_TO_DATE('15/1/1974','%d/%m/%Y'),'0494765378','F36'),
	(83,'GELLENET','Thomas',STR_TO_DATE('13/9/1969','%d/%m/%Y'),'0631541782','H35'),
	(84,'BALEOSIX','Margaux',STR_TO_DATE('18/4/1968','%d/%m/%Y'),'0199783613','F33'),
	(85,'CLLET','Malory',STR_TO_DATE('23/3/1967','%d/%m/%Y'),'0158125220','H37'),
	(86,'LECHOT','Imane',STR_TO_DATE('12/5/1938','%d/%m/%Y'),'0779746138','F67'),
	(87,'GAUCEAU','Mehdi',STR_TO_DATE('15/10/1973','%d/%m/%Y'),'04672508','H35'),
	(88,'CORBINT','Lucie',STR_TO_DATE('26/10/1942','%d/%m/%Y'),'0194876211','F67'),
	(89,'CHAURD','Quentin',STR_TO_DATE('1/6/1947','%d/%m/%Y'),'0343655490','H57'),
	(90,'MARAT','Domitille',STR_TO_DATE('13/7/1969','%d/%m/%Y'),'0599440667','F35'),
	(91,'ME','Amaury',STR_TO_DATE('23/2/1962','%d/%m/%Y'),'089725563','H45'),
	(92,'TUXAN','Alicia',STR_TO_DATE('8/1/1944','%d/%m/%Y'),'0140051306','F67'),
	(93,'CODE','Seyyid',STR_TO_DATE('28/10/1943','%d/%m/%Y'),'0999959417','H66'),
	(94,'PIJADA','Solene',STR_TO_DATE('6/8/1958','%d/%m/%Y'),'0483577670','F45'),
	(95,'SUFELLICKI','Quentin',STR_TO_DATE('15/12/1965','%d/%m/%Y'),'0789938517','H44'),
	(96,'SINTAST','Clémence',STR_TO_DATE('28/9/1944','%d/%m/%Y'),'0812283765','F64'),
	(97,'BREUSEROU','Hugo',STR_TO_DATE('13/12/1940','%d/%m/%Y'),'0261491360','H64'),
	(98,'LOLOUN','Ambre',STR_TO_DATE('19/3/1962','%d/%m/%Y'),'0659728265','F43'),
	(99,'GAURCHAY','Pierre-Adrien',STR_TO_DATE('17/11/1939','%d/%m/%Y'),'0715559978','H64'),
	(100,'ELHINDON','Clara',STR_TO_DATE('7/12/1939','%d/%m/%Y'),'01291544','F64'),
	(101,'GAMARTAMER','Clement',STR_TO_DATE('6/1/1990','%d/%m/%Y'),'0262265467','H12'),
	(102,'OLANGBL','Blandine',STR_TO_DATE('3/3/1974','%d/%m/%Y'),'0343118078','F37'),
	(103,'BROUN','Pierre-Etienne',STR_TO_DATE('1/12/1965','%d/%m/%Y'),'0710929330','H42'),
	(104,'CHANAONTES','Blandine',STR_TO_DATE('14/3/1945','%d/%m/%Y'),'0241691371','F68'),
	(105,'LE','Thomas',STR_TO_DATE('26/1/1950','%d/%m/%Y'),'0687283496','H58'),
	(106,'GOIMST','Camille',STR_TO_DATE('3/11/1991','%d/%m/%Y'),'0611023568','F11'),
	(107,'DURCEC','Leo',STR_TO_DATE('7/11/1966','%d/%m/%Y'),'0392579980','H32'),
	(108,'SIRINCHET','Eléna',STR_TO_DATE('11/7/1987','%d/%m/%Y'),'026498764','F18'),
	(109,'ROIDRA','Alan',STR_TO_DATE('27/6/1976','%d/%m/%Y'),'0537597771','H27'),
	(110,'LADJAND','Eden',STR_TO_DATE('17/5/1955','%d/%m/%Y'),'0230383177','F58'),
	(111,'DETAICHERER','Guillaume',STR_TO_DATE('22/5/1950','%d/%m/%Y'),'0771118719','H58'),
	(112,'ALEIDJI','Clara',STR_TO_DATE('28/11/1938','%d/%m/%Y'),'0350267492','F68'),
	(113,'LUPATRD','Baptiste',STR_TO_DATE('19/6/1984','%d/%m/%Y'),'0114184424','H28'),
	(114,'OGUREI','Alicia',STR_TO_DATE('21/9/1976','%d/%m/%Y'),'0345109240','F24'),
	(115,'DICOIN','Mathieu',STR_TO_DATE('22/7/1981','%d/%m/%Y'),'0574018196','H28'),
	(116,'BOUERANIE','Marie-Laure',STR_TO_DATE('22/5/1987','%d/%m/%Y'),'0410983362','F17'),
	(117,'TAMILHAT','Guillaume',STR_TO_DATE('16/12/1992','%d/%m/%Y'),'0596073571','H17'),
	(118,'LECAT','Clara',STR_TO_DATE('5/3/1977','%d/%m/%Y'),'0339202466','F22'),
	(119,'VARAUN','Maxime',STR_TO_DATE('20/5/1985','%d/%m/%Y'),'0154470270','H23'),
	(120,'GYRCHI','Pauline',STR_TO_DATE('7/11/1938','%d/%m/%Y'),'088169291','F68'),
	(121,'COQUERE','Valentin',STR_TO_DATE('20/8/1958','%d/%m/%Y'),'0855923373','H48'),
	(122,'GAPON','Alice',STR_TO_DATE('23/8/1968','%d/%m/%Y'),'0664479068','F38'),
	(123,'BOCOULT','Matthias',STR_TO_DATE('9/10/1966','%d/%m/%Y'),'0322102154','H36'),
	(124,'FLAMBVI','Lucie',STR_TO_DATE('9/5/1957','%d/%m/%Y'),'084905178','F48'),
	(125,'BOUCHAN','Willy',STR_TO_DATE('25/10/1944','%d/%m/%Y'),'0883967537','H67'),
	(126,'PINCHET','Enora',STR_TO_DATE('1/11/1972','%d/%m/%Y'),'0847373226','F34'),
	(127,'AILL','Teddy',STR_TO_DATE('24/11/1936','%d/%m/%Y'),'0218405595','H67'),
	(128,'COURANSI','Léonie',STR_TO_DATE('5/11/1954','%d/%m/%Y'),'0186271123','F57'),
	(129,'DUBRE','Dylan',STR_TO_DATE('1/10/1973','%d/%m/%Y'),'054774430','H35'),
	(130,'VICAFRD','Sarah',STR_TO_DATE('17/1/1939','%d/%m/%Y'),'0974228914','F67'),
	(131,'PLALL','Seyyid',STR_TO_DATE('23/5/1960','%d/%m/%Y'),'0274293120','H47'),
	(132,'FE','Chloé',STR_TO_DATE('5/1/1950','%d/%m/%Y'),'0228147363','F57'),
	(133,'KUSADET','Baptiste',STR_TO_DATE('19/8/1991','%d/%m/%Y'),'0432641079','H17'),
	(134,'JAMELIR','Mila',STR_TO_DATE('10/9/1980','%d/%m/%Y'),'0799693374','F24'),
	(135,'LAMIST','Thibault',STR_TO_DATE('15/3/1936','%d/%m/%Y'),'0959767336','H67'),
	(136,'CHAMEMI','Célia',STR_TO_DATE('15/1/1965','%d/%m/%Y'),'0436207593','F45'),
	(137,'WOURERD','David',STR_TO_DATE('15/9/1941','%d/%m/%Y'),'0345584161','H67'),
	(138,'GIRJA','Anaïs',STR_TO_DATE('13/12/1980','%d/%m/%Y'),'0448934661','F23'),
	(139,'YA','Mehdi',STR_TO_DATE('1/9/1948','%d/%m/%Y'),'0987271341','H57'),
	(140,'RAITIN','Domitille',STR_TO_DATE('21/6/1979','%d/%m/%Y'),'0560977813','F25'),
	(141,'LIL','Robin',STR_TO_DATE('13/8/1978','%d/%m/%Y'),'058500547','H25'),
	(142,'DERRCIC','Faustine',STR_TO_DATE('18/2/1977','%d/%m/%Y'),'0989728113','F25'),
	(143,'BOUTS','Adrien',STR_TO_DATE('15/2/1989','%d/%m/%Y'),'0493312394','H14'),
	(144,'SOTTIN','Elsa',STR_TO_DATE('17/5/1978','%d/%m/%Y'),'0190352818','F25'),
	(145,'RORTRIA','Leo',STR_TO_DATE('10/4/1969','%d/%m/%Y'),'0951635022','H35'),
	(146,'PODIS','Olivia',STR_TO_DATE('6/1/1961','%d/%m/%Y'),'0544265437','F46'),
	(147,'PRAVARC','Darenn',STR_TO_DATE('6/10/1966','%d/%m/%Y'),'0560332140','H36'),
	(148,'PEBRCO','Mila',STR_TO_DATE('10/6/1956','%d/%m/%Y'),'0176526997','F46'),
	(149,'GAGRONSE','Emeric',STR_TO_DATE('13/4/1986','%d/%m/%Y'),'0677972389','H15'),
	(150,'SABEOC','Lena',STR_TO_DATE('14/11/1940','%d/%m/%Y'),'0353631551','F67'),
	(151,'SIGAUD','Kevin',STR_TO_DATE('6/3/1980','%d/%m/%Y'),'0784794269','H26'),
	(152,'CHRIRY','Leana',STR_TO_DATE('17/3/1945','%d/%m/%Y'),'0995257160','F67'),
	(153,'MARTREUX','Dorian',STR_TO_DATE('28/7/1971','%d/%m/%Y'),'0573174056','H34'),
	(154,'CHEGETIRO','Clara',STR_TO_DATE('10/8/1986','%d/%m/%Y'),'0950916834','F13'),
	(155,'JARA','Jeremy',STR_TO_DATE('26/12/1987','%d/%m/%Y'),'0920714732','H16'),
	(156,'HAIROT','Célia',STR_TO_DATE('12/7/1983','%d/%m/%Y'),'0712172705','F24'),
	(157,'JOULLEUM','Damien',STR_TO_DATE('7/4/1989','%d/%m/%Y'),'0819207155','H16'),
	(158,'LANAIEVAU','Blandine',STR_TO_DATE('17/3/1990','%d/%m/%Y'),'0348933417','F15'),
	(159,'PATOT','Quentin',STR_TO_DATE('1/12/1964','%d/%m/%Y'),'0910177476','H47'),
	(160,'COME','Blandine',STR_TO_DATE('28/12/1990','%d/%m/%Y'),'0110840762','F17'),
	(161,'GUIN','Nicolas',STR_TO_DATE('5/5/1941','%d/%m/%Y'),'0435809369','H67'),
	(162,'ALILLANONH','Coralie',STR_TO_DATE('24/12/1948','%d/%m/%Y'),'086077133','F57'),
	(163,'LAPHEZ','Timothe',STR_TO_DATE('9/1/1945','%d/%m/%Y'),'0382363176','H67'),
	(164,'MOLVALIN','Ambre',STR_TO_DATE('2/1/1963','%d/%m/%Y'),'0635998872','F46'),
	(165,'MIERA','Baptiste',STR_TO_DATE('22/3/1971','%d/%m/%Y'),'0267260921','H33'),
	(166,'DRARAMAN','Mathilde',STR_TO_DATE('19/5/1984','%d/%m/%Y'),'0799984345','F26'),
	(167,'MARHE','Baptiste',STR_TO_DATE('19/12/1979','%d/%m/%Y'),'0920652240','H26'),
	(168,'MA','Clara',STR_TO_DATE('3/9/1992','%d/%m/%Y'),'0213716266','F17'),
	(169,'MAVINT','Tanguy',STR_TO_DATE('7/2/1942','%d/%m/%Y'),'0873112513','H67'),
	(170,'VAMONIE','Camille',STR_TO_DATE('12/3/1937','%d/%m/%Y'),'0428655990','F67'),
	(171,'FARTE','Lucien',STR_TO_DATE('7/3/1951','%d/%m/%Y'),'098779447','H57'),
	(172,'RARN','Louane',STR_TO_DATE('9/10/1957','%d/%m/%Y'),'0519920146','F46'),
	(173,'CRASERET','Anthony',STR_TO_DATE('11/8/1966','%d/%m/%Y'),'0668333093','H36'),
	(174,'LIEVAR','Juliette',STR_TO_DATE('3/2/1942','%d/%m/%Y'),'0778621762','F67'),
	(175,'GROUEF','Olivier',STR_TO_DATE('12/8/1968','%d/%m/%Y'),'0462750201','H33'),
	(176,'IMOULOUER','Julia',STR_TO_DATE('18/2/1961','%d/%m/%Y'),'0468495773','F44'),
	(177,'GOCLIS','Quentin',STR_TO_DATE('22/6/1972','%d/%m/%Y'),'0795246307','H34'),
	(178,'PRAMARARE','Charlotte',STR_TO_DATE('11/5/1950','%d/%m/%Y'),'0859774793','F57'),
	(179,'GERY','Thibault',STR_TO_DATE('4/2/1939','%d/%m/%Y'),'0912801895','H67'),
	(180,'LENJRET','Eva',STR_TO_DATE('16/2/1957','%d/%m/%Y'),'024947353','F44'),
	(181,'HELVATAER','David',STR_TO_DATE('24/7/1974','%d/%m/%Y'),'0573072115','H37'),
	(182,'PONE','Agathe',STR_TO_DATE('4/4/1969','%d/%m/%Y'),'0223858799','F33'),
	(183,'COUTINTERG','Baptiste',STR_TO_DATE('10/2/1975','%d/%m/%Y'),'0346896981','H34'),
	(184,'ANTIDHIAN','Solene',STR_TO_DATE('18/7/1995','%d/%m/%Y'),'0915228315','F15'),
	(185,'CHONN','Bilal',STR_TO_DATE('5/11/1967','%d/%m/%Y'),'031361727','H34'),
	(186,'TREVAZ','Valentine',STR_TO_DATE('7/4/1967','%d/%m/%Y'),'0627286038','F37'),
	(187,'FA','Benjamin',STR_TO_DATE('28/12/1955','%d/%m/%Y'),'0887570404','H57'),
	(188,'DA','Anaïs',STR_TO_DATE('19/12/1950','%d/%m/%Y'),'0419460076','F57'),
	(189,'LE','Romain',STR_TO_DATE('12/11/1950','%d/%m/%Y'),'0853305616','H55'),
	(190,'HUST','Elisa',STR_TO_DATE('8/4/1960','%d/%m/%Y'),'0249250870','F45'),
	(191,'BOSALEY','Jessy',STR_TO_DATE('2/8/1949','%d/%m/%Y'),'0682922969','H55'),
	(192,'MILLEIN','Leana',STR_TO_DATE('8/2/1959','%d/%m/%Y'),'0458066160','F43'),
	(193,'DANDY','Emeric',STR_TO_DATE('12/12/1953','%d/%m/%Y'),'0125495425','H55'),
	(194,'MANONA','Imane',STR_TO_DATE('7/8/1945','%d/%m/%Y'),'0198583697','F65'),
	(195,'PERY','Jean',STR_TO_DATE('6/10/1965','%d/%m/%Y'),'0785983943','H43'),
	(196,'WARRA','Ambre',STR_TO_DATE('7/9/1944','%d/%m/%Y'),'0854141187','F65'),
	(197,'DARO','Axel',STR_TO_DATE('8/2/1950','%d/%m/%Y'),'0430605169','H54'),
	(198,'SIVETU','Solene',STR_TO_DATE('12/2/1962','%d/%m/%Y'),'0659073797','F43'),
	(199,'WAINER','Theo',STR_TO_DATE('9/2/1947','%d/%m/%Y'),'0250498131','H54'),
	(200,'ORIL','Nina',STR_TO_DATE('9/9/1958','%d/%m/%Y'),'0116669609','F44'),
	(201,'MAGUMBEA','Jessy',STR_TO_DATE('26/6/1976','%d/%m/%Y'),'0534371201','H25'),
	(202,'BREL','Charlotte',STR_TO_DATE('28/2/1981','%d/%m/%Y'),'0887828479','F22'),
	(203,'BECHARD','Guillaume',STR_TO_DATE('3/6/1939','%d/%m/%Y'),'0876240804','H68'),
	(204,'RILAUER','Eva',STR_TO_DATE('21/1/1985','%d/%m/%Y'),'043089398','F22'),
	(205,'GOUCHET','Gilian',STR_TO_DATE('5/12/1938','%d/%m/%Y'),'0650921266','H68'),
	(206,'PEN','Juliette',STR_TO_DATE('21/10/1989','%d/%m/%Y'),'0762566448','F12'),
	(207,'GUCHALE','Adrien',STR_TO_DATE('5/9/1938','%d/%m/%Y'),'0564261144','H68'),
	(208,'VERT','Caroline',STR_TO_DATE('13/4/1953','%d/%m/%Y'),'031234262','F58'),
	(209,'BOUSOUX','Nicolas',STR_TO_DATE('11/4/1990','%d/%m/%Y'),'0486863431','H18'),
	(210,'GODRR','Léa',STR_TO_DATE('15/4/1983','%d/%m/%Y'),'0934255788','F27'),
	(211,'FOUINIT','Morcy',STR_TO_DATE('28/3/1950','%d/%m/%Y'),'0493312931','H58'),
	(212,'FARBLAU','Maëlys',STR_TO_DATE('7/10/1985','%d/%m/%Y'),'0634376395','F24'),
	(213,'JUGU','Julien',STR_TO_DATE('4/2/1941','%d/%m/%Y'),'0856021490','H68'),
	(214,'LOUMAN','Agathe',STR_TO_DATE('28/1/1937','%d/%m/%Y'),'0660736851','F68'),
	(215,'BESSINA','Adrien',STR_TO_DATE('7/8/1937','%d/%m/%Y'),'0877055775','H68'),
	(216,'ROUX','Rokhaya',STR_TO_DATE('17/3/1957','%d/%m/%Y'),'0818503456','F45'),
	(217,'DE','Pierre-Etienne',STR_TO_DATE('1/9/1986','%d/%m/%Y'),'0583256696','H16'),
	(218,'SESHAUIN','Claire',STR_TO_DATE('10/12/1979','%d/%m/%Y'),'0412469886','F28'),
	(219,'RODTINT','Allan',STR_TO_DATE('6/5/1957','%d/%m/%Y'),'0875067399','H44'),
	(220,'MOCHET','Faustine',STR_TO_DATE('28/5/1938','%d/%m/%Y'),'0910902060','F68'),
	(221,'DENIEONC','Quentin',STR_TO_DATE('15/11/1988','%d/%m/%Y'),'0759308573','H13'),
	(222,'MESOST','Eloïse',STR_TO_DATE('22/4/1975','%d/%m/%Y'),'0581010710','F38'),
	(223,'DENJUE','Benoit',STR_TO_DATE('12/2/1991','%d/%m/%Y'),'0170125642','H17'),
	(224,'ROOYEIET','Lola',STR_TO_DATE('16/3/1975','%d/%m/%Y'),'0299984316','F34'),
	(225,'COUCIER','Baptiste',STR_TO_DATE('26/8/1990','%d/%m/%Y'),'0236494961','H14'),
	(226,'BELAY','Charlotte',STR_TO_DATE('8/6/1982','%d/%m/%Y'),'084292449','F27'),
	(227,'GURCEND','Paul',STR_TO_DATE('26/8/1978','%d/%m/%Y'),'0730146261','H26'),
	(228,'DERT','Anna',STR_TO_DATE('20/5/1958','%d/%m/%Y'),'0733496905','F43'),
	(229,'DUSSIEROUR','Thomas',STR_TO_DATE('10/11/1955','%d/%m/%Y'),'0297481498','H57'),
	(230,'ALEGBIALLO','Noemie',STR_TO_DATE('18/11/1965','%d/%m/%Y'),'0962908309','F46'),
	(231,'DELANONA','Jetmir',STR_TO_DATE('10/4/1992','%d/%m/%Y'),'0668391825','H14'),
	(232,'MADEGALLLA','Olivia',STR_TO_DATE('23/8/1962','%d/%m/%Y'),'0886761851','F46'),
	(233,'RILAUIN','Antoine',STR_TO_DATE('20/1/1980','%d/%m/%Y'),'0691284475','H26'),
	(234,'KAIEUN','Mathilde',STR_TO_DATE('22/6/1977','%d/%m/%Y'),'0687194808','F23'),
	(235,'MARCOUSEZ','Nino',STR_TO_DATE('12/11/1954','%d/%m/%Y'),'0447614296','H57'),
	(236,'MAMOT','Eloïse',STR_TO_DATE('5/7/1976','%d/%m/%Y'),'0849838955','F27'),
	(237,'RANBOUDERY','Maxence',STR_TO_DATE('12/2/1980','%d/%m/%Y'),'0283698534','H26'),
	(238,'THAUIEAY','Margaux',STR_TO_DATE('18/3/1992','%d/%m/%Y'),'0490038606','F16'),
	(239,'VAUNCERE','Matthias',STR_TO_DATE('3/3/1992','%d/%m/%Y'),'0472218891','H16'),
	(240,'FA','Eva',STR_TO_DATE('15/11/1993','%d/%m/%Y'),'0312703906','F17'),
	(241,'BUGONHINC','Sebastien',STR_TO_DATE('4/1/1990','%d/%m/%Y'),'0374773509','H13'),
	(242,'BAIG','Léa',STR_TO_DATE('20/1/1938','%d/%m/%Y'),'036445349','F67'),
	(243,'HUILOUD','Antoine',STR_TO_DATE('23/2/1961','%d/%m/%Y'),'0799842048','H41'),
	(244,'MUMARDE','Claire',STR_TO_DATE('7/4/1960','%d/%m/%Y'),'0956782304','F46'),
	(245,'DUC','Maxence',STR_TO_DATE('26/9/1942','%d/%m/%Y'),'0547552875','H67'),
	(246,'RORIAN','Léonie',STR_TO_DATE('22/5/1979','%d/%m/%Y'),'0968093614','F24'),
	(247,'PRULANE','Josselin',STR_TO_DATE('4/1/1963','%d/%m/%Y'),'0125305196','H45'),
	(248,'TRICHED','Mathilde',STR_TO_DATE('23/10/1963','%d/%m/%Y'),'0715383796','F43'),
	(249,'MERVAD','Marc',STR_TO_DATE('19/8/1977','%d/%m/%Y'),'0816358565','H25'),
	(250,'DE','Romane',STR_TO_DATE('16/12/1936','%d/%m/%Y'),'0399105825','F67'),
	(251,'ELOPIRD','Dimitri',STR_TO_DATE('16/4/1957','%d/%m/%Y'),'0994764469','H46'),
	(252,'MAUQURD','Marion',STR_TO_DATE('3/4/1969','%d/%m/%Y'),'0640855442','F34'),
	(253,'JATECHU','Jean',STR_TO_DATE('10/12/1970','%d/%m/%Y'),'0191549385','H37'),
	(254,'VOBART','Cindy',STR_TO_DATE('13/8/1956','%d/%m/%Y'),'0764755334','F47'),
	(255,'LELLEN','Nicolas',STR_TO_DATE('2/11/1964','%d/%m/%Y'),'0260013324','H46'),
	(256,'RONARD','Juliette',STR_TO_DATE('1/10/1981','%d/%m/%Y'),'0394137927','F26'),
	(257,'HOILLAUI','Bilal',STR_TO_DATE('17/8/1958','%d/%m/%Y'),'0558295923','H42'),
	(258,'BAICH','Enora',STR_TO_DATE('24/1/1968','%d/%m/%Y'),'0393255435','F37'),
	(259,'CHANGUINEA','Sébastien',STR_TO_DATE('9/3/1954','%d/%m/%Y'),'0278901563','H57'),
	(260,'SE','Lilou',STR_TO_DATE('7/3/1946','%d/%m/%Y'),'0834549702','F57'),
	(261,'DECHETRA','Gregoire',STR_TO_DATE('19/9/1940','%d/%m/%Y'),'0118853976','H67'),
	(262,'OUILAN','Sarah',STR_TO_DATE('2/7/1980','%d/%m/%Y'),'0377318470','F23'),
	(263,'CHETENSO','Aurelien',STR_TO_DATE('14/6/1952','%d/%m/%Y'),'0773351190','H57'),
	(264,'LEBESO','Ambre',STR_TO_DATE('3/7/1957','%d/%m/%Y'),'0795236095','F44'),
	(265,'BEQULON','Mathieu',STR_TO_DATE('10/2/1993','%d/%m/%Y'),'0163533534','H13'),
	(266,'HEGNI','Caroline',STR_TO_DATE('12/6/1953','%d/%m/%Y'),'0783177508','F57'),
	(267,'CHANT','Anthony',STR_TO_DATE('7/8/1958','%d/%m/%Y'),'0465583893','H43'),
	(268,'VAMAUIS','Anaïs',STR_TO_DATE('22/7/1959','%d/%m/%Y'),'0142316677','F44'),
	(269,'MORAT','Morcy',STR_TO_DATE('26/6/1944','%d/%m/%Y'),'0940105726','H67'),
	(270,'HARRE','Jeanne',STR_TO_DATE('24/2/1974','%d/%m/%Y'),'0111773170','F34'),
	(271,'TCHAR','Maxime',STR_TO_DATE('23/6/1962','%d/%m/%Y'),'0463671102','H43'),
	(272,'ELSTONT','Claire',STR_TO_DATE('20/2/1949','%d/%m/%Y'),'0725940978','F57'),
	(273,'TOLE','Paul',STR_TO_DATE('15/10/1955','%d/%m/%Y'),'0272484013','H57'),
	(274,'ROANIOER','Alicia',STR_TO_DATE('5/11/1939','%d/%m/%Y'),'0234190617','F67'),
	(275,'EMEMPENEE','Gregoire',STR_TO_DATE('7/4/1966','%d/%m/%Y'),'0384328877','H34'),
	(276,'FIGNT','Anaïs',STR_TO_DATE('9/1/1947','%d/%m/%Y'),'094819888','F57'),
	(277,'MOUPTEA','Paul-Antoine',STR_TO_DATE('25/3/1941','%d/%m/%Y'),'0143354557','H67'),
	(278,'GOUINIK','Noemie',STR_TO_DATE('2/8/1971','%d/%m/%Y'),'0173097553','F34'),
	(279,'MOYCQULE','Axel',STR_TO_DATE('4/3/1972','%d/%m/%Y'),'0884975640','H37'),
	(280,'DUSSOUET','Ophelie',STR_TO_DATE('20/1/1938','%d/%m/%Y'),'0288126208','F67'),
	(281,'BLANVAU','Rémi',STR_TO_DATE('26/12/1974','%d/%m/%Y'),'0854565412','H37'),
	(282,'AMMAUX','Lucie',STR_TO_DATE('9/3/1946','%d/%m/%Y'),'0357612461','F57'),
	(283,'DERDY','Yohann',STR_TO_DATE('19/6/1953','%d/%m/%Y'),'0396779085','H57'),
	(284,'CLIEBOIN','Lilou',STR_TO_DATE('9/3/1994','%d/%m/%Y'),'0580750680','F15'),
	(285,'MAURIERER','Titouan',STR_TO_DATE('3/5/1936','%d/%m/%Y'),'0476814291','H67'),
	(286,'BERDONAR','Maëlys',STR_TO_DATE('7/10/1993','%d/%m/%Y'),'0573768996','F15'),
	(287,'RARDIECHO','Josselin',STR_TO_DATE('2/4/1995','%d/%m/%Y'),'0366287178','H17'),
	(288,'CORCHI','Mathilde',STR_TO_DATE('14/10/1968','%d/%m/%Y'),'0417204389','F37'),
	(289,'KIHMOT','Sebastien',STR_TO_DATE('17/5/1942','%d/%m/%Y'),'076879295','H65'),
	(290,'NALAT','Valentine',STR_TO_DATE('9/3/1966','%d/%m/%Y'),'0610780946','F35'),
	(291,'BOUGUX','Guillaume',STR_TO_DATE('20/11/1973','%d/%m/%Y'),'0190957956','H35'),
	(292,'ME','Anaïs',STR_TO_DATE('28/11/1949','%d/%m/%Y'),'071192708','F55'),
	(293,'MAMARD','Killian',STR_TO_DATE('21/5/1939','%d/%m/%Y'),'0745008431','H65'),
	(294,'ELPESIBON','Romane',STR_TO_DATE('24/1/1946','%d/%m/%Y'),'0154254161','F55'),
	(295,'MOBRANG','Vincent',STR_TO_DATE('19/10/1969','%d/%m/%Y'),'078338786','H34'),
	(296,'RELGN','Ophelie',STR_TO_DATE('24/10/1955','%d/%m/%Y'),'0870691604','F55'),
	(297,'ELAYSIREZ','Clement',STR_TO_DATE('15/5/1967','%d/%m/%Y'),'0465790793','H35'),
	(298,'LELLLAT','Julia',STR_TO_DATE('26/3/1974','%d/%m/%Y'),'0327831625','F35'),
	(299,'GOTULONO','Timothe',STR_TO_DATE('24/7/1974','%d/%m/%Y'),'0122539358','H35'),
	(300,'HAVEDOU','Domitille',STR_TO_DATE('14/3/1975','%d/%m/%Y'),'0711128557','F34'),
	(301,'DACHEA','Seyyid',STR_TO_DATE('26/5/1952','%d/%m/%Y'),'038932855','H58'),
	(302,'GILARANER','Maëlys',STR_TO_DATE('2/10/1939','%d/%m/%Y'),'0582204722','F68'),
	(303,'NOLBONT','Dylan',STR_TO_DATE('4/6/1940','%d/%m/%Y'),'0941507196','H68'),
	(304,'PONAMMALA','Lucie',STR_TO_DATE('18/9/1939','%d/%m/%Y'),'0850954976','F68'),
	(305,'NAINARN','Sébastien',STR_TO_DATE('14/2/1953','%d/%m/%Y'),'0716249786','H58'),
	(306,'FROAN','Félicie',STR_TO_DATE('3/10/1961','%d/%m/%Y'),'0243874577','F42'),
	(307,'GEVALIE','Dorian',STR_TO_DATE('17/1/1984','%d/%m/%Y'),'044878213','H27'),
	(308,'PEFFFISER','Clémence',STR_TO_DATE('24/7/1982','%d/%m/%Y'),'0832734285','F28'),
	(309,'PIRBOND','Dmitry',STR_TO_DATE('13/11/1980','%d/%m/%Y'),'075669559','H27'),
	(310,'DEGNT','Lola',STR_TO_DATE('1/5/1950','%d/%m/%Y'),'0260857545','F58'),
	(311,'LABIRE','Julien',STR_TO_DATE('18/10/1980','%d/%m/%Y'),'03812903','H22'),
	(312,'DE','Noemie',STR_TO_DATE('5/10/1953','%d/%m/%Y'),'0494341789','F58'),
	(313,'RORBAUR','Yann',STR_TO_DATE('14/8/1966','%d/%m/%Y'),'0774686198','H38'),
	(314,'BOUSAU','Eloïse',STR_TO_DATE('23/3/1969','%d/%m/%Y'),'0682671989','F35'),
	(315,'FAHEA','Arnaud',STR_TO_DATE('13/12/1976','%d/%m/%Y'),'0850601569','H28'),
	(316,'VERDRIN','Pauline',STR_TO_DATE('1/12/1944','%d/%m/%Y'),'0124717900','F68'),
	(317,'ROUCHAS','Robin',STR_TO_DATE('17/4/1982','%d/%m/%Y'),'0251493230','H26'),
	(318,'POUCISIS','Roxane',STR_TO_DATE('27/11/1977','%d/%m/%Y'),'0248036683','F23'),
	(319,'LALILARI','Quentin',STR_TO_DATE('27/2/1966','%d/%m/%Y'),'0355798033','H34'),
	(320,'BONTAY','Célia',STR_TO_DATE('1/6/1966','%d/%m/%Y'),'0114390621','F37'),
	(321,'BAMAHAKIR','Clément',STR_TO_DATE('7/3/1987','%d/%m/%Y'),'088996908','H14'),
	(322,'LUINTA','Lena',STR_TO_DATE('18/11/1945','%d/%m/%Y'),'0332693291','F68'),
	(323,'VISARELE','Yacine',STR_TO_DATE('23/5/1966','%d/%m/%Y'),'0595288530','H32'),
	(324,'TARVAND','Lena',STR_TO_DATE('14/9/1956','%d/%m/%Y'),'0299416497','F41'),
	(325,'FELVANER','Ludovic',STR_TO_DATE('3/5/1973','%d/%m/%Y'),'0922445599','H37'),
	(326,'GUSSSSI','Valentine',STR_TO_DATE('23/11/1941','%d/%m/%Y'),'093334553','F67'),
	(327,'SABALAP','Dylan',STR_TO_DATE('18/12/1950','%d/%m/%Y'),'0819962829','H57'),
	(328,'CROMACHON','Solene',STR_TO_DATE('13/12/1961','%d/%m/%Y'),'0119441409','F47'),
	(329,'LAILLE','Remy',STR_TO_DATE('15/7/1986','%d/%m/%Y'),'0922603756','H14'),
	(330,'TREITEL','Olivia',STR_TO_DATE('9/2/1947','%d/%m/%Y'),'068627021','F57'),
	(331,'LARNT','Nicolas',STR_TO_DATE('23/3/1945','%d/%m/%Y'),'0853915105','H67'),
	(332,'AL','Valentine',STR_TO_DATE('15/2/1989','%d/%m/%Y'),'0313600856','F14'),
	(333,'MAUCET','Jules',STR_TO_DATE('4/3/1947','%d/%m/%Y'),'0152830550','H57'),
	(334,'YALLIRAND','Mathilde',STR_TO_DATE('15/6/1967','%d/%m/%Y'),'0744390510','F37'),
	(335,'DEILAD','Nicolas',STR_TO_DATE('5/9/1948','%d/%m/%Y'),'0521691361','H57'),
	(336,'LEVAT','Mathilde',STR_TO_DATE('28/6/1955','%d/%m/%Y'),'0766453021','F57'),
	(337,'CHIROTT','Rémi',STR_TO_DATE('18/9/1976','%d/%m/%Y'),'0536505769','H27'),
	(338,'DEJIST','Clara',STR_TO_DATE('19/4/1947','%d/%m/%Y'),'0394477237','F57'),
	(339,'COTIN','François',STR_TO_DATE('17/8/1970','%d/%m/%Y'),'0453873300','H36'),
	(340,'KIVATET','Manon',STR_TO_DATE('7/8/1979','%d/%m/%Y'),'0858129145','F26'),
	(341,'GILOUER','Raphael',STR_TO_DATE('23/9/1962','%d/%m/%Y'),'0824172644','H46'),
	(342,'ROURET','Eléna',STR_TO_DATE('5/7/1962','%d/%m/%Y'),'0825295018','F47'),
	(343,'DERRANA','Jérôme',STR_TO_DATE('10/11/1954','%d/%m/%Y'),'0375675888','H57'),
	(344,'BIESIERO','Elise',STR_TO_DATE('15/1/1957','%d/%m/%Y'),'0721728952','F45'),
	(345,'LANOURD','Louison',STR_TO_DATE('22/6/1963','%d/%m/%Y'),'0844420892','H45'),
	(346,'TRANE','Anna',STR_TO_DATE('15/12/1972','%d/%m/%Y'),'0623500785','F37'),
	(347,'BROUSOIS','Jessy',STR_TO_DATE('5/5/1967','%d/%m/%Y'),'0872264440','H35'),
	(348,'AY','Lou',STR_TO_DATE('27/9/1963','%d/%m/%Y'),'0441983250','F46'),
	(349,'NAMETET','Gilian',STR_TO_DATE('14/1/1957','%d/%m/%Y'),'0217050378','H44'),
	(350,'BOINC','Lena',STR_TO_DATE('24/11/1981','%d/%m/%Y'),'0314455824','F24'),
	(351,'MAPRDIE','Alexandre',STR_TO_DATE('13/7/1979','%d/%m/%Y'),'0761245403','H24'),
	(352,'RAOU','Charlotte',STR_TO_DATE('9/12/1994','%d/%m/%Y'),'0435292665','F13'),
	(353,'BOULAND','Pierre',STR_TO_DATE('24/11/1985','%d/%m/%Y'),'0136395976','H24'),
	(354,'TUINTEUZ','Caroline',STR_TO_DATE('5/1/1951','%d/%m/%Y'),'0759622623','F57'),
	(355,'LARITOIER','Yanaël',STR_TO_DATE('11/11/1941','%d/%m/%Y'),'0410325124','H67'),
	(356,'DUIDONES','Mathilde',STR_TO_DATE('27/11/1981','%d/%m/%Y'),'094718068','F27'),
	(357,'SINNORIN','Remy',STR_TO_DATE('23/5/1975','%d/%m/%Y'),'0583165552','H35'),
	(358,'VIAMO','Claire',STR_TO_DATE('9/8/1973','%d/%m/%Y'),'0861624322','F33'),
	(359,'PERTIAUX','Valentin',STR_TO_DATE('13/9/1991','%d/%m/%Y'),'0292202273','H17'),
	(360,'FAMBOUX','Anaïs',STR_TO_DATE('5/7/1949','%d/%m/%Y'),'0489442060','F57'),
	(361,'DOCH','Younoussa',STR_TO_DATE('6/7/1988','%d/%m/%Y'),'0913396775','H13'),
	(362,'FEUL','Eden',STR_TO_DATE('14/6/1936','%d/%m/%Y'),'0458015415','F67'),
	(363,'EROURAUR','Quentin',STR_TO_DATE('10/3/1977','%d/%m/%Y'),'0745055662','H27'),
	(364,'BINDET','Caroline',STR_TO_DATE('15/6/1947','%d/%m/%Y'),'0735678492','F57'),
	(365,'JA','Flavian',STR_TO_DATE('22/6/1960','%d/%m/%Y'),'0447266649','H47'),
	(366,'BRELL','Claire',STR_TO_DATE('4/7/1961','%d/%m/%Y'),'0580251857','F45'),
	(367,'PINGEAMIA','Damien',STR_TO_DATE('22/1/1944','%d/%m/%Y'),'0588953447','H67'),
	(368,'DALAIGU','Romane',STR_TO_DATE('1/8/1946','%d/%m/%Y'),'0999016379','F57'),
	(369,'JADOTIRET','Guillaume',STR_TO_DATE('22/6/1958','%d/%m/%Y'),'041082612','H47'),
	(370,'POURLEZ','Charlotte',STR_TO_DATE('4/2/1947','%d/%m/%Y'),'0164045364','F57'),
	(371,'GUCQU','Pierre-Etienne',STR_TO_DATE('7/6/1960','%d/%m/%Y'),'0144303121','H42'),
	(372,'COLT','Lola',STR_TO_DATE('24/12/1964','%d/%m/%Y'),'0821802509','F43'),
	(373,'QURZIAUI','Mathieu',STR_TO_DATE('9/12/1992','%d/%m/%Y'),'0824924096','H15'),
	(374,'CRENA','Alice',STR_TO_DATE('25/12/1944','%d/%m/%Y'),'0857242313','F67'),
	(375,'DADA','Thomas',STR_TO_DATE('3/10/1991','%d/%m/%Y'),'0450269332','H16'),
	(376,'SATI','Nina',STR_TO_DATE('10/10/1961','%d/%m/%Y'),'0839184668','F46'),
	(377,'OUN','Jérôme',STR_TO_DATE('4/5/1967','%d/%m/%Y'),'045567821','H35'),
	(378,'HUPIEL','Faustine',STR_TO_DATE('15/3/1993','%d/%m/%Y'),'0512742253','F14'),
	(379,'FRIKHIS','Yacine',STR_TO_DATE('18/5/1993','%d/%m/%Y'),'0211851597','H14'),
	(380,'RIGRAN','Clara',STR_TO_DATE('16/2/1986','%d/%m/%Y'),'0989092723','F15'),
	(381,'KHAROTA','Killian',STR_TO_DATE('5/1/1973','%d/%m/%Y'),'0114820752','H36'),
	(382,'BOUD','Jeanne',STR_TO_DATE('9/7/1976','%d/%m/%Y'),'0932257942','F26'),
	(383,'GURDEUEZ','Thomas',STR_TO_DATE('10/11/1982','%d/%m/%Y'),'063582522','H26'),
	(384,'ERYS','Imane',STR_TO_DATE('28/7/1940','%d/%m/%Y'),'0172215989','F66'),
	(385,'DETRY','Hugo',STR_TO_DATE('27/5/1969','%d/%m/%Y'),'0547212631','H35'),
	(386,'THASAR','Jeanne',STR_TO_DATE('13/6/1968','%d/%m/%Y'),'0350238793','F33'),
	(387,'MARIEI','Willy',STR_TO_DATE('5/3/1939','%d/%m/%Y'),'029871947','H66'),
	(388,'PEMAR','Camille',STR_TO_DATE('18/9/1966','%d/%m/%Y'),'0677653759','F34'),
	(389,'BETOUC','Timothe',STR_TO_DATE('18/10/1936','%d/%m/%Y'),'0394676794','H65'),
	(390,'LEGHAHOU','Emma',STR_TO_DATE('6/6/1938','%d/%m/%Y'),'0397850574','F65'),
	(391,'GROSDON','Matthias',STR_TO_DATE('18/12/1937','%d/%m/%Y'),'0845061736','H65'),
	(392,'HABVAY','Claire',STR_TO_DATE('5/9/1961','%d/%m/%Y'),'0329599528','F44'),
	(393,'BONOIETE','Robin',STR_TO_DATE('6/7/1987','%d/%m/%Y'),'0429144916','H15'),
	(394,'IDJOLAR','Léonie',STR_TO_DATE('14/12/1960','%d/%m/%Y'),'0485341860','F43'),
	(395,'GRART','Antoine',STR_TO_DATE('17/2/1987','%d/%m/%Y'),'0725473399','H14'),
	(396,'PONQ','Lucie',STR_TO_DATE('19/7/1970','%d/%m/%Y'),'0318937169','F34'),
	(397,'DIAY','Dimitri',STR_TO_DATE('11/9/1940','%d/%m/%Y'),'0579405967','H65'),
	(398,'BOIBIT','Sarah',STR_TO_DATE('27/6/1994','%d/%m/%Y'),'0443425636','F15'),
	(399,'RONTIS','Paul-Antoine',STR_TO_DATE('14/6/1987','%d/%m/%Y'),'0986361987','H13'),
	(400,'BRANIX','Ambre',STR_TO_DATE('12/12/1941','%d/%m/%Y'),'0639093191','F63'),
	(401,'LECQUIRD','François',STR_TO_DATE('18/10/1985','%d/%m/%Y'),'0643088144','H27'),
	(402,'VOILER','Alice',STR_TO_DATE('4/7/1961','%d/%m/%Y'),'0756358695','F42'),
	(403,'PERBUT','Denis',STR_TO_DATE('12/6/1958','%d/%m/%Y'),'0574416831','H42'),
	(404,'TEDOURD','Lucie',STR_TO_DATE('20/4/1992','%d/%m/%Y'),'0526258765','F12'),
	(405,'NARROUK','Paul',STR_TO_DATE('12/5/1988','%d/%m/%Y'),'0222134399','H17'),
	(406,'DEDISE','Clémence',STR_TO_DATE('1/1/1987','%d/%m/%Y'),'0396861030','F11'),
	(407,'CHANTIM','Guillaume',STR_TO_DATE('10/12/1982','%d/%m/%Y'),'0898596957','H27'),
	(408,'LAFOUEUD','Lucie',STR_TO_DATE('1/5/1947','%d/%m/%Y'),'0291444053','F58'),
	(409,'CHASS','Emeric',STR_TO_DATE('22/12/1979','%d/%m/%Y'),'0470268789','H25'),
	(410,'ZERCHE','Célia',STR_TO_DATE('23/9/1963','%d/%m/%Y'),'0758112108','F45'),
	(411,'HARNDAY','Thibault',STR_TO_DATE('12/1/1957','%d/%m/%Y'),'0350813941','H46'),
	(412,'ALARERERG','Leana',STR_TO_DATE('12/12/1954','%d/%m/%Y'),'0180708676','F58'),
	(413,'VIDRET','Clement',STR_TO_DATE('27/4/1961','%d/%m/%Y'),'0983418804','H43'),
	(414,'PONENT','Nina',STR_TO_DATE('23/4/1980','%d/%m/%Y'),'0221140811','F24'),
	(415,'PETUSERD','Baptiste',STR_TO_DATE('18/6/1971','%d/%m/%Y'),'0971154657','H37'),
	(416,'PAUST','Manon',STR_TO_DATE('23/9/1968','%d/%m/%Y'),'0230303349','F34'),
	(417,'SIN','Romain',STR_TO_DATE('13/2/1943','%d/%m/%Y'),'0910192582','H68'),
	(418,'ISSSOUL','Enora',STR_TO_DATE('20/5/1938','%d/%m/%Y'),'0247268649','F68'),
	(419,'BADIE','Dorian',STR_TO_DATE('20/5/1954','%d/%m/%Y'),'0625147704','H58'),
	(420,'AL','Romane',STR_TO_DATE('13/8/1941','%d/%m/%Y'),'0294182492','F68'),
	(421,'PINOUE','Yan',STR_TO_DATE('4/7/1968','%d/%m/%Y'),'01874971','H34'),
	(422,'PINOUTIM','Mathilde',STR_TO_DATE('16/12/1941','%d/%m/%Y'),'028985044','F68'),
	(423,'MACHILTI','Malory',STR_TO_DATE('14/10/1946','%d/%m/%Y'),'057765504','H58'),
	(424,'BENT','Sarah',STR_TO_DATE('23/1/1982','%d/%m/%Y'),'0646225214','F23'),
	(425,'PENDIN','Olivier',STR_TO_DATE('25/11/1963','%d/%m/%Y'),'0849814814','H42'),
	(426,'PINTI','Alice',STR_TO_DATE('10/5/1947','%d/%m/%Y'),'0426705110','F58'),
	(427,'BLASAR','Younes',STR_TO_DATE('7/11/1956','%d/%m/%Y'),'0593212231','H44'),
	(428,'FE','Félicie',STR_TO_DATE('1/6/1952','%d/%m/%Y'),'0552952518','F58'),
	(429,'JA','Thomas',STR_TO_DATE('28/9/1974','%d/%m/%Y'),'0868704157','H35'),
	(430,'RERCHOT','Capucine',STR_TO_DATE('26/3/1945','%d/%m/%Y'),'0226196645','F68'),
	(431,'CHENNE','Arthur',STR_TO_DATE('23/9/1991','%d/%m/%Y'),'0484354820','H14'),
	(432,'HUGEN','Manon',STR_TO_DATE('28/12/1989','%d/%m/%Y'),'0418438635','F17'),
	(433,'PIETIENE','Jean',STR_TO_DATE('26/5/1975','%d/%m/%Y'),'0929186726','H34'),
	(434,'EL','Clémence',STR_TO_DATE('19/3/1964','%d/%m/%Y'),'0133960581','F44'),
	(435,'RICEDOUR','Joris',STR_TO_DATE('8/5/1995','%d/%m/%Y'),'088615094','H16'),
	(436,'DUESTON','Anaïs',STR_TO_DATE('23/3/1984','%d/%m/%Y'),'0756567023','F25'),
	(437,'BROMONA','Benjamin',STR_TO_DATE('24/9/1981','%d/%m/%Y'),'0242568154','H28'),
	(438,'CA','Enora',STR_TO_DATE('26/6/1958','%d/%m/%Y'),'0921024492','F43'),
	(439,'BLOUCAU','Florent',STR_TO_DATE('3/2/1972','%d/%m/%Y'),'0796355563','H33'),
	(440,'DERTOT','Louna',STR_TO_DATE('19/1/1960','%d/%m/%Y'),'0170431934','F45'),
	(441,'MILILYOT','Gilian',STR_TO_DATE('8/9/1939','%d/%m/%Y'),'0811691463','H67'),
	(442,'BEILET','Romane',STR_TO_DATE('13/9/1977','%d/%m/%Y'),'0485200912','F23'),
	(443,'IDAUCONG','Yacine',STR_TO_DATE('23/2/1938','%d/%m/%Y'),'0826519400','H67'),
	(444,'JOLLARANO','Margaux',STR_TO_DATE('23/2/1995','%d/%m/%Y'),'0580814404','F14'),
	(445,'FUECHAUD','Julien',STR_TO_DATE('10/7/1990','%d/%m/%Y'),'0454996110','H17'),
	(446,'GLIET','Alicia',STR_TO_DATE('11/4/1959','%d/%m/%Y'),'0645319569','F47'),
	(447,'DAMUNIERD','Pierre',STR_TO_DATE('7/5/1938','%d/%m/%Y'),'051015358','H67'),
	(448,'LE','Lou',STR_TO_DATE('5/10/1939','%d/%m/%Y'),'0661736832','F67'),
	(449,'FALY','Axel',STR_TO_DATE('1/9/1937','%d/%m/%Y'),'0267712483','H67'),
	(450,'GUEN','Maëlys',STR_TO_DATE('13/10/1942','%d/%m/%Y'),'0629456470','F67'),
	(451,'BALVER','Thibault',STR_TO_DATE('20/10/1980','%d/%m/%Y'),'0822878294','H23'),
	(452,'DARABOUD','Olivia',STR_TO_DATE('12/11/1983','%d/%m/%Y'),'0778904718','F25'),
	(453,'GUMBILOU','Damien',STR_TO_DATE('25/12/1970','%d/%m/%Y'),'0983152737','H33'),
	(454,'TESARET','Coralie',STR_TO_DATE('9/6/1951','%d/%m/%Y'),'0597810311','F57'),
	(455,'CHACUNS','Aurelien',STR_TO_DATE('3/4/1958','%d/%m/%Y'),'0990360574','H44'),
	(456,'MOUD','Faustine',STR_TO_DATE('8/1/1969','%d/%m/%Y'),'0781645257','F33'),
	(457,'MAURD','Jetmir',STR_TO_DATE('15/6/1979','%d/%m/%Y'),'0166777174','H24'),
	(458,'DARS','Célia',STR_TO_DATE('16/9/1981','%d/%m/%Y'),'0511272999','F27'),
	(459,'SEDIRT','Lucien',STR_TO_DATE('2/5/1977','%d/%m/%Y'),'0210276532','H25'),
	(460,'SCHAKA','Lou',STR_TO_DATE('26/3/1972','%d/%m/%Y'),'0314167836','F35'),
	(461,'MAMEREN','Damien',STR_TO_DATE('20/7/1941','%d/%m/%Y'),'0945905720','H67'),
	(462,'ANDAULE','Camille',STR_TO_DATE('23/8/1984','%d/%m/%Y'),'049232501','F27'),
	(463,'FRIT','Arnaud',STR_TO_DATE('15/11/1991','%d/%m/%Y'),'0197027024','H17'),
	(464,'DUANELAY','Mathilde',STR_TO_DATE('4/1/1984','%d/%m/%Y'),'0857550379','F24'),
	(465,'KARVAUI','Dorian',STR_TO_DATE('21/10/1973','%d/%m/%Y'),'0171745432','H36'),
	(466,'EL','Anaïs',STR_TO_DATE('23/5/1956','%d/%m/%Y'),'0450171419','F47'),
	(467,'GORYORGH','Vincent',STR_TO_DATE('20/5/1937','%d/%m/%Y'),'0912679','H67'),
	(468,'JOURAI','Mila',STR_TO_DATE('24/4/1968','%d/%m/%Y'),'0291829175','F34'),
	(469,'PIGRA','Olivier',STR_TO_DATE('7/10/1936','%d/%m/%Y'),'0547687641','H67'),
	(470,'DERTC','Charlotte',STR_TO_DATE('10/11/1953','%d/%m/%Y'),'0714906063','F57'),
	(471,'JARGAN','Romaric',STR_TO_DATE('18/3/1939','%d/%m/%Y'),'0234808181','H67'),
	(472,'BIZIET','Rokhaya',STR_TO_DATE('17/9/1968','%d/%m/%Y'),'0856062034','F37'),
	(473,'CHIVALEZ','Florent',STR_TO_DATE('2/10/1937','%d/%m/%Y'),'0288564056','H67'),
	(474,'ELIDETI','Louna',STR_TO_DATE('6/1/1943','%d/%m/%Y'),'0131213440','F67'),
	(475,'OLDUDERD','Denis',STR_TO_DATE('10/4/1962','%d/%m/%Y'),'0911029249','H47'),
	(476,'SEROUE','Camille',STR_TO_DATE('2/10/1945','%d/%m/%Y'),'0498491717','F67'),
	(477,'VERRERC','Morcy',STR_TO_DATE('14/11/1957','%d/%m/%Y'),'0837145133','H46'),
	(478,'AVROUY','Anaïs',STR_TO_DATE('27/12/1980','%d/%m/%Y'),'0356395235','F26'),
	(479,'BOUG','Leo',STR_TO_DATE('15/6/1974','%d/%m/%Y'),'0497249230','H35'),
	(480,'RIMTER','Lena',STR_TO_DATE('7/3/1952','%d/%m/%Y'),'0575281126','F57'),
	(481,'SARI','Florent',STR_TO_DATE('7/7/1990','%d/%m/%Y'),'0425155646','H15'),
	(482,'SAISEIRANTE','Lucie',STR_TO_DATE('18/8/1993','%d/%m/%Y'),'025630064','F15'),
	(483,'HADU','Bilal',STR_TO_DATE('19/4/1954','%d/%m/%Y'),'0799849807','H57'),
	(484,'COUEN','Margaux',STR_TO_DATE('7/6/1991','%d/%m/%Y'),'0583478683','F15'),
	(485,'COUANBUIO','Marc',STR_TO_DATE('5/9/1972','%d/%m/%Y'),'0571752607','H34'),
	(486,'MAIABINERG','Cindy',STR_TO_DATE('14/12/1989','%d/%m/%Y'),'0446689573','F15'),
	(487,'FOUZAIND','Clément',STR_TO_DATE('23/10/1988','%d/%m/%Y'),'0662638379','H17'),
	(488,'AKLOTER','Manon',STR_TO_DATE('3/5/1967','%d/%m/%Y'),'0955082825','F35'),
	(489,'TOUGN','Gilian',STR_TO_DATE('23/4/1988','%d/%m/%Y'),'077048419','H17'),
	(490,'JE','Camille',STR_TO_DATE('17/11/1959','%d/%m/%Y'),'0951349898','F46'),
	(491,'FE','Quentin',STR_TO_DATE('7/5/1968','%d/%m/%Y'),'062884032','H35'),
	(492,'ESCQUI','Elisa',STR_TO_DATE('9/11/1967','%d/%m/%Y'),'0398319511','F33'),
	(493,'AGIPWIEAR','Nicolas',STR_TO_DATE('10/12/1950','%d/%m/%Y'),'026489481','H56'),
	(494,'LEBERDES','Mathilde',STR_TO_DATE('5/11/1957','%d/%m/%Y'),'0653420874','F45'),
	(495,'AUBILIMPES','Julien',STR_TO_DATE('8/10/1955','%d/%m/%Y'),'054776156','H56'),
	(496,'ESTET','Capucine',STR_TO_DATE('17/6/1950','%d/%m/%Y'),'0846451166','F56'),
	(497,'ROSUIET','Anthony',STR_TO_DATE('5/12/1975','%d/%m/%Y'),'0229058263','H34'),
	(498,'HAILINE','Camille',STR_TO_DATE('27/10/1946','%d/%m/%Y'),'0946993216','F56'),
	(499,'BRENGUR','Darenn',STR_TO_DATE('18/8/1949','%d/%m/%Y'),'0525664225','H56'),
	(500,'MALLE','Clémence',STR_TO_DATE('6/6/1947','%d/%m/%Y'),'0945040847','F56'),
	(501,'SOUCHE','Romain',STR_TO_DATE('18/12/1975','%d/%m/%Y'),'0966227478','H31'),
	(502,'LAMERD','Anna',STR_TO_DATE('1/5/1985','%d/%m/%Y'),'0591680049','F26'),
	(503,'FEGERT','Stéphane',STR_TO_DATE('9/11/1984','%d/%m/%Y'),'0835086171','H27'),
	(504,'DESMA','Léonie',STR_TO_DATE('10/7/1991','%d/%m/%Y'),'0843113503','F16'),
	(505,'NELON','Tanguy',STR_TO_DATE('22/8/1941','%d/%m/%Y'),'0524887444','H68'),
	(506,'FRILON','Julia',STR_TO_DATE('20/2/1969','%d/%m/%Y'),'0338811881','F34'),
	(507,'RE','Yassine',STR_TO_DATE('13/11/1979','%d/%m/%Y'),'0757533914','H23'),
	(508,'BABEOUVRER','Agathe',STR_TO_DATE('27/12/1984','%d/%m/%Y'),'0517097393','F28'),
	(509,'RORBEND','Pierre',STR_TO_DATE('26/1/1974','%d/%m/%Y'),'0128665509','H37'),
	(510,'GUIONAND','Félicie',STR_TO_DATE('12/3/1952','%d/%m/%Y'),'0771691759','F58'),
	(511,'DENGEAU','Denis',STR_TO_DATE('11/7/1940','%d/%m/%Y'),'098836387','H68'),
	(512,'JOZEET','Lucie',STR_TO_DATE('25/4/1966','%d/%m/%Y'),'0775708477','F35'),
	(513,'PANZTO','Yacine',STR_TO_DATE('18/2/1940','%d/%m/%Y'),'0478977315','H68'),
	(514,'MAILOT','Domitille',STR_TO_DATE('19/8/1949','%d/%m/%Y'),'0391584148','F58'),
	(515,'CAZEDINAUBE','Clément',STR_TO_DATE('2/10/1988','%d/%m/%Y'),'0512469334','H14'),
	(516,'CHOS','Caroline',STR_TO_DATE('20/12/1988','%d/%m/%Y'),'0283483595','F13'),
	(517,'AUTREC','Christophe',STR_TO_DATE('27/12/1938','%d/%m/%Y'),'0655875244','H68'),
	(518,'BILILL','Jeanne',STR_TO_DATE('16/12/1982','%d/%m/%Y'),'0425905977','F24'),
	(519,'LEARIBIEZ','Theo',STR_TO_DATE('11/3/1976','%d/%m/%Y'),'0712265035','H26'),
	(520,'AZAUC','Clara',STR_TO_DATE('8/5/1988','%d/%m/%Y'),'0396262285','F18'),
	(521,'KWALE','Yanaël',STR_TO_DATE('13/2/1956','%d/%m/%Y'),'0467105554','H48'),
	(522,'MONTET','Ophelie',STR_TO_DATE('2/9/1968','%d/%m/%Y'),'0158860032','F38'),
	(523,'BOUAR','Teddy',STR_TO_DATE('2/9/1968','%d/%m/%Y'),'0277635651','H38'),
	(524,'COYSE','Elise',STR_TO_DATE('21/12/1971','%d/%m/%Y'),'021642015','F37'),
	(525,'DOQUHAN','Timothe',STR_TO_DATE('11/4/1968','%d/%m/%Y'),'0419930312','H35'),
	(526,'OLHIERERAT','Solene',STR_TO_DATE('13/8/1940','%d/%m/%Y'),'0170856446','F68'),
	(527,'BELLONE','Xavier',STR_TO_DATE('4/6/1992','%d/%m/%Y'),'0577014217','H15'),
	(528,'DEDETAIRN','Olivia',STR_TO_DATE('27/4/1961','%d/%m/%Y'),'0513875593','F47'),
	(529,'CAN','Younes',STR_TO_DATE('16/2/1944','%d/%m/%Y'),'0941718080','H67'),
	(530,'AHATINET','Cindy',STR_TO_DATE('22/2/1965','%d/%m/%Y'),'0177059111','F44'),
	(531,'SALBAC','Nicolas',STR_TO_DATE('2/8/1981','%d/%m/%Y'),'0969180783','H24'),
	(532,'JASUTOI','Claire',STR_TO_DATE('3/4/1960','%d/%m/%Y'),'0546536069','F45'),
	(533,'GILAMEILAC','Benoit',STR_TO_DATE('15/3/1952','%d/%m/%Y'),'0384411504','H57'),
	(534,'RHAN','Léonie',STR_TO_DATE('1/12/1969','%d/%m/%Y'),'0698895638','F33'),
	(535,'RORBORIN','Yassine',STR_TO_DATE('23/9/1995','%d/%m/%Y'),'012493121','H14'),
	(536,'GUETELET','Lou',STR_TO_DATE('24/5/1987','%d/%m/%Y'),'0735586695','F15'),
	(537,'AMELLEU','Johan',STR_TO_DATE('22/2/1978','%d/%m/%Y'),'0181231741','H22'),
	(538,'BAGEDRIAN','Anna',STR_TO_DATE('20/6/1988','%d/%m/%Y'),'0375308372','F17'),
	(539,'SARONBO','Quentin',STR_TO_DATE('25/2/1983','%d/%m/%Y'),'0773015764','H24'),
	(540,'HUBIOT','Charlotte',STR_TO_DATE('18/2/1943','%d/%m/%Y'),'0995325801','F67'),
	(541,'CHAUVEAU','Aymeric',STR_TO_DATE('7/11/1962','%d/%m/%Y'),'0381216154','H47'),
	(542,'YOBENN','Rose',STR_TO_DATE('17/8/1958','%d/%m/%Y'),'0314735692','F44'),
	(543,'ME','Anthony',STR_TO_DATE('27/9/1942','%d/%m/%Y'),'0822458713','H67'),
	(544,'MATTABOTANT','Claire',STR_TO_DATE('22/12/1961','%d/%m/%Y'),'0680472627','F44'),
	(545,'GA','Emeric',STR_TO_DATE('14/8/1968','%d/%m/%Y'),'0122994841','H32'),
	(546,'GOUCHIANT','Marie-Laure',STR_TO_DATE('7/11/1942','%d/%m/%Y'),'0745889934','F67'),
	(547,'YIGEMYKE','Quentin',STR_TO_DATE('17/8/1957','%d/%m/%Y'),'095883903','H45'),
	(548,'DESZAVO','Noemie',STR_TO_DATE('10/10/1954','%d/%m/%Y'),'0641629524','F57'),
	(549,'SUIGAR','Kevin',STR_TO_DATE('5/6/1970','%d/%m/%Y'),'0670023879','H36'),
	(550,'HUBLIER','Mathilde',STR_TO_DATE('25/8/1981','%d/%m/%Y'),'0821023419','F23'),
	(551,'LAFON','Baptiste',STR_TO_DATE('24/8/1995','%d/%m/%Y'),'069235434','H14'),
	(552,'ROYRER','Romane',STR_TO_DATE('8/12/1992','%d/%m/%Y'),'0340363016','F17'),
	(553,'VAZA','Clément',STR_TO_DATE('7/8/1950','%d/%m/%Y'),'0610611189','H57'),
	(554,'CONE','Léa',STR_TO_DATE('16/8/1977','%d/%m/%Y'),'0520144789','F25'),
	(555,'HAEFRIET','Florian',STR_TO_DATE('13/4/1963','%d/%m/%Y'),'0929786948','H47'),
	(556,'CHEGEARD','Léa',STR_TO_DATE('24/4/1972','%d/%m/%Y'),'0576877408','F36'),
	(557,'BEDHON','Vincent',STR_TO_DATE('28/4/1989','%d/%m/%Y'),'0619124013','H15'),
	(558,'DEGADOIGO','Emma',STR_TO_DATE('2/9/1949','%d/%m/%Y'),'0554361267','F57'),
	(559,'FONTINEA','Osman',STR_TO_DATE('8/8/1981','%d/%m/%Y'),'0153106352','H25'),
	(560,'DUPART','Léa',STR_TO_DATE('23/5/1944','%d/%m/%Y'),'0324837829','F67'),
	(561,'ALLIBIERUE','Mathieu',STR_TO_DATE('6/6/1991','%d/%m/%Y'),'0816656211','H15'),
	(562,'FOHNCHI','Léonie',STR_TO_DATE('18/12/1979','%d/%m/%Y'),'0499688080','F25'),
	(563,'DREBRE','Romain',STR_TO_DATE('20/10/1943','%d/%m/%Y'),'0692430257','H67'),
	(564,'SAVIG','Elsa',STR_TO_DATE('22/11/1953','%d/%m/%Y'),'01989958','F57'),
	(565,'NARORD','Mathieu',STR_TO_DATE('18/7/1979','%d/%m/%Y'),'0363875124','H26'),
	(566,'LERTIET','Chloé',STR_TO_DATE('1/12/1966','%d/%m/%Y'),'0644486699','F34'),
	(567,'SADRA','Axel',STR_TO_DATE('6/7/1966','%d/%m/%Y'),'0474233484','H33'),
	(568,'BOINT','Faustine',STR_TO_DATE('25/11/1985','%d/%m/%Y'),'0491591197','F27'),
	(569,'PEBRERADOS','Benoit',STR_TO_DATE('19/4/1950','%d/%m/%Y'),'082874927','H57'),
	(570,'MAILELH','Julia',STR_TO_DATE('3/6/1986','%d/%m/%Y'),'0567169279','F13'),
	(571,'ONCHET','Pierre-Etienne',STR_TO_DATE('25/2/1971','%d/%m/%Y'),'0596300154','H35'),
	(572,'DECHEUIE','Anaïs',STR_TO_DATE('13/5/1959','%d/%m/%Y'),'0188101598','F45'),
	(573,'GRABAHONOW','Jetmir',STR_TO_DATE('28/12/1981','%d/%m/%Y'),'0393997095','H23'),
	(574,'BOUT','Ophelie',STR_TO_DATE('1/6/1957','%d/%m/%Y'),'0848682722','F45'),
	(575,'WERE','Nicolas',STR_TO_DATE('2/8/1952','%d/%m/%Y'),'0319586191','H57'),
	(576,'TRISAULOLU','Elise',STR_TO_DATE('5/9/1993','%d/%m/%Y'),'0248560669','F13'),
	(577,'CHISE','David',STR_TO_DATE('27/2/1971','%d/%m/%Y'),'0420848595','H37'),
	(578,'LENERM','Eden',STR_TO_DATE('16/5/1937','%d/%m/%Y'),'0393824846','F67'),
	(579,'MABOUERE','Valentin',STR_TO_DATE('7/12/1937','%d/%m/%Y'),'0965698377','H67'),
	(580,'PERLOTY','Jeanne',STR_TO_DATE('21/2/1973','%d/%m/%Y'),'0480217450','F32'),
	(581,'SICHAR','Cedric',STR_TO_DATE('4/11/1989','%d/%m/%Y'),'0977397905','H13'),
	(582,'ABETET','Capucine',STR_TO_DATE('16/11/1967','%d/%m/%Y'),'0129236536','F37'),
	(583,'AMANEST','Jeremy',STR_TO_DATE('10/2/1965','%d/%m/%Y'),'0258497735','H44'),
	(584,'NANJOT','Louna',STR_TO_DATE('3/11/1947','%d/%m/%Y'),'0293833259','F57'),
	(585,'BEANTION','Maxime',STR_TO_DATE('28/2/1940','%d/%m/%Y'),'0936708717','H67'),
	(586,'GECLIGAUX','Olivia',STR_TO_DATE('11/10/1940','%d/%m/%Y'),'0418271523','F67'),
	(587,'LEYEBOIE','Anas',STR_TO_DATE('9/10/1963','%d/%m/%Y'),'0475142818','H47'),
	(588,'GA','Sarah',STR_TO_DATE('17/11/1942','%d/%m/%Y'),'0724987757','F67'),
	(589,'FELVOTIS','Florent',STR_TO_DATE('26/4/1938','%d/%m/%Y'),'0267134981','H67'),
	(590,'BERRGAIES','Claire',STR_TO_DATE('12/4/1936','%d/%m/%Y'),'0629825981','F66'),
	(591,'MOURIS','Flavian',STR_TO_DATE('8/1/1950','%d/%m/%Y'),'0514358494','H56'),
	(592,'ALANOUD','Chloé',STR_TO_DATE('8/1/1950','%d/%m/%Y'),'0988183559','F56'),
	(593,'BALLL','Xavier',STR_TO_DATE('19/10/1954','%d/%m/%Y'),'0262397327','H56'),
	(594,'GUISES','Louna',STR_TO_DATE('22/4/1953','%d/%m/%Y'),'0221907536','F56'),
	(595,'POTRININ','Olivier',STR_TO_DATE('27/7/1951','%d/%m/%Y'),'0941094291','H56'),
	(596,'POULBO','Léa',STR_TO_DATE('6/6/1956','%d/%m/%Y'),'0683705702','F44'),
	(597,'FAEVAN','Dorian',STR_TO_DATE('11/11/1961','%d/%m/%Y'),'028622780','H44'),
	(598,'GURROU','Elsa',STR_TO_DATE('21/12/1956','%d/%m/%Y'),'0358509829','F45'),
	(599,'GRAMAL','Yohann',STR_TO_DATE('6/7/1963','%d/%m/%Y'),'0438052331','H45'),
	(600,'DAVAZI','Rose',STR_TO_DATE('8/9/1947','%d/%m/%Y'),'038641069','F52'),
	(601,'LARVIGI','Sebastien',STR_TO_DATE('16/7/1986','%d/%m/%Y'),'0246041276','H12'),
	(602,'THANALI','Lucie',STR_TO_DATE('24/3/1941','%d/%m/%Y'),'0695089756','F68'),
	(603,'DICOIET','Pierre-Adrien',STR_TO_DATE('21/3/1984','%d/%m/%Y'),'092461734','H26'),
	(604,'SISTIL','Anna',STR_TO_DATE('4/8/1943','%d/%m/%Y'),'0441508799','F68'),
	(605,'LASSI','Thibault',STR_TO_DATE('27/10/1977','%d/%m/%Y'),'0266433688','H21'),
	(606,'PINOND','Sarah',STR_TO_DATE('15/1/1977','%d/%m/%Y'),'0978398801','F26'),
	(607,'MIORLON','Killian',STR_TO_DATE('11/11/1957','%d/%m/%Y'),'0733154503','H47'),
	(608,'BENOR','Mathilde',STR_TO_DATE('17/1/1985','%d/%m/%Y'),'043448582','F27'),
	(609,'ADAHBUR','Thomas',STR_TO_DATE('19/6/1974','%d/%m/%Y'),'0261682449','H34'),
	(610,'MAPERAU','Eléna',STR_TO_DATE('17/1/1959','%d/%m/%Y'),'0428140915','F45'),
	(611,'RENI','Baptiste',STR_TO_DATE('4/11/1966','%d/%m/%Y'),'021873892','H35'),
	(612,'FRAUELIL','Manon',STR_TO_DATE('3/1/1954','%d/%m/%Y'),'0258153241','F58'),
	(613,'ROUCHAY','David',STR_TO_DATE('20/4/1963','%d/%m/%Y'),'0147660078','H43'),
	(614,'MOUGOUX','Lana',STR_TO_DATE('8/9/1942','%d/%m/%Y'),'0583208589','F68'),
	(615,'TRONT','Thomas',STR_TO_DATE('21/3/1990','%d/%m/%Y'),'01769218','H15'),
	(616,'BOHAIS','Caroline',STR_TO_DATE('22/9/1988','%d/%m/%Y'),'0384451623','F15'),
	(617,'AKHE','Gabriel',STR_TO_DATE('6/7/1951','%d/%m/%Y'),'0743461433','H58'),
	(618,'MIAZAULT','Claire',STR_TO_DATE('11/9/1951','%d/%m/%Y'),'0330718248','F58'),
	(619,'CRANAS','Yassine',STR_TO_DATE('24/5/1957','%d/%m/%Y'),'0993108277','H48'),
	(620,'SELIRIET','Imane',STR_TO_DATE('5/7/1950','%d/%m/%Y'),'0360026522','F58'),
	(621,'KAREALET','Alexandre',STR_TO_DATE('7/4/1958','%d/%m/%Y'),'0471397528','H46'),
	(622,'MODOUAUIE','Mila',STR_TO_DATE('1/7/1963','%d/%m/%Y'),'0767413567','F46'),
	(623,'DENHIDOF','Olivier',STR_TO_DATE('21/1/1977','%d/%m/%Y'),'0842935656','H23'),
	(624,'BAROIEIER','Léa',STR_TO_DATE('12/5/1953','%d/%m/%Y'),'0180689165','F58'),
	(625,'PIRACO','Christophe',STR_TO_DATE('14/10/1952','%d/%m/%Y'),'0580165233','H58'),
	(626,'LEMON','Roxane',STR_TO_DATE('1/8/1992','%d/%m/%Y'),'0677436549','F18'),
	(627,'VIRCHIET','Dimitri',STR_TO_DATE('21/9/1966','%d/%m/%Y'),'0733958283','H32'),
	(628,'BOHR','Solene',STR_TO_DATE('2/5/1980','%d/%m/%Y'),'0846835573','F28'),
	(629,'BERESARA','Quentin',STR_TO_DATE('5/2/1948','%d/%m/%Y'),'0244767808','H57'),
	(630,'MAUF','Agathe',STR_TO_DATE('26/4/1965','%d/%m/%Y'),'076751846','F46'),
	(631,'CADRANS','Raphaël',STR_TO_DATE('20/3/1963','%d/%m/%Y'),'0719509119','H43'),
	(632,'DROROUVAF','Elisa',STR_TO_DATE('23/6/1976','%d/%m/%Y'),'0283378307','F24'),
	(633,'PIC','Antoine',STR_TO_DATE('1/5/1947','%d/%m/%Y'),'0817579378','H57'),
	(634,'CUNERET','Blandine',STR_TO_DATE('18/11/1975','%d/%m/%Y'),'0935900729','F36'),
	(635,'RIGUSAMEAU','Hugo',STR_TO_DATE('13/11/1991','%d/%m/%Y'),'0554527820','H17'),
	(636,'LETORONOU','Nolwenn',STR_TO_DATE('28/1/1940','%d/%m/%Y'),'0217841703','F67'),
	(637,'PEAT','Sebastien',STR_TO_DATE('11/11/1941','%d/%m/%Y'),'012019730','H67'),
	(638,'RONERELE','Clémence',STR_TO_DATE('10/8/1975','%d/%m/%Y'),'0189876525','F32'),
	(639,'DUXLONS','Anthony',STR_TO_DATE('4/8/1947','%d/%m/%Y'),'0879440270','H57'),
	(640,'LINDERD','Alicia',STR_TO_DATE('3/4/1967','%d/%m/%Y'),'0942828676','F32'),
	(641,'DAT','Pierre-Adrien',STR_TO_DATE('23/7/1952','%d/%m/%Y'),'0216106928','H57'),
	(642,'CENNCAU','Agathe',STR_TO_DATE('27/7/1936','%d/%m/%Y'),'0740495145','F67'),
	(643,'PA','Rémi',STR_TO_DATE('10/1/1966','%d/%m/%Y'),'0548811469','H35'),
	(644,'FRETHON','Coralie',STR_TO_DATE('16/3/1964','%d/%m/%Y'),'0417023435','F43'),
	(645,'FERTOET','Alan',STR_TO_DATE('4/9/1990','%d/%m/%Y'),'0799631385','H15'),
	(646,'PENTOUD','Olivia',STR_TO_DATE('5/11/1974','%d/%m/%Y'),'0285630293','F34'),
	(647,'BONTICHING','Thibault',STR_TO_DATE('4/8/1981','%d/%m/%Y'),'0736445829','H26'),
	(648,'CUEDRARIN','Elsa',STR_TO_DATE('14/10/1966','%d/%m/%Y'),'0956987306','F35'),
	(649,'DOUSEN','Logan',STR_TO_DATE('25/3/1958','%d/%m/%Y'),'0246555158','H43'),
	(650,'CAJJAY','Elsa',STR_TO_DATE('13/5/1978','%d/%m/%Y'),'0229329051','F24'),
	(651,'SAATRIS','Aurelien',STR_TO_DATE('2/11/1992','%d/%m/%Y'),'0897434947','H13'),
	(652,'PASTAR','Juliette',STR_TO_DATE('8/12/1956','%d/%m/%Y'),'0236028364','F45'),
	(653,'BAUGEDT','Thibault',STR_TO_DATE('22/3/1965','%d/%m/%Y'),'0653328800','H47'),
	(654,'PENCHE','Elise',STR_TO_DATE('27/12/1995','%d/%m/%Y'),'0954643548','F17'),
	(655,'GANT','Sebastien',STR_TO_DATE('28/7/1936','%d/%m/%Y'),'0114698500','H67'),
	(656,'MEMIZI','Mathilde',STR_TO_DATE('13/2/1936','%d/%m/%Y'),'0822619442','F67'),
	(657,'ANUGNE','Clement',STR_TO_DATE('20/12/1962','%d/%m/%Y'),'054143987','H43'),
	(658,'AREBIER','Roxane',STR_TO_DATE('17/7/1979','%d/%m/%Y'),'0411621178','F25'),
	(659,'BOGLIF','Emeric',STR_TO_DATE('18/7/1966','%d/%m/%Y'),'0445832145','H33'),
	(660,'LALIELA','Sarah',STR_TO_DATE('3/11/1955','%d/%m/%Y'),'0191699750','F57'),
	(661,'THANT','Flavien',STR_TO_DATE('23/4/1984','%d/%m/%Y'),'0172247021','H23'),
	(662,'JERIRDINS','Nina',STR_TO_DATE('23/7/1989','%d/%m/%Y'),'0264118918','F16'),
	(663,'BALAHARS','Quentin',STR_TO_DATE('18/11/1951','%d/%m/%Y'),'054184785','H57'),
	(664,'CITICOZ','Rose',STR_TO_DATE('2/7/1942','%d/%m/%Y'),'0963735910','F67'),
	(665,'CIRORAT','Yan',STR_TO_DATE('7/8/1951','%d/%m/%Y'),'0138757236','H57'),
	(666,'SANZEIANE','Charlotte',STR_TO_DATE('4/3/1990','%d/%m/%Y'),'04265758','F15'),
	(667,'MAMIAT','Mathieu',STR_TO_DATE('25/6/1993','%d/%m/%Y'),'056248861','H16'),
	(668,'AIBOUINEC','Eléna',STR_TO_DATE('13/6/1965','%d/%m/%Y'),'0956927485','F46'),
	(669,'AKIPAN','Anthony',STR_TO_DATE('12/6/1963','%d/%m/%Y'),'071699279','H47'),
	(670,'MONVAOT','Julia',STR_TO_DATE('11/11/1962','%d/%m/%Y'),'0554269804','F46'),
	(671,'LEYNT','Vincent',STR_TO_DATE('9/1/1948','%d/%m/%Y'),'0689545106','H57'),
	(672,'GILVEST','Manon',STR_TO_DATE('26/9/1951','%d/%m/%Y'),'04633885','F57'),
	(673,'SULARA','Quentin',STR_TO_DATE('27/1/1953','%d/%m/%Y'),'0145575215','H57'),
	(674,'ROIKHELINNI','Imane',STR_TO_DATE('9/7/1944','%d/%m/%Y'),'0312345240','F67'),
	(675,'DARROLET','Xavier',STR_TO_DATE('7/2/1982','%d/%m/%Y'),'0554037547','H25'),
	(676,'GIANARARIKE','Marion',STR_TO_DATE('22/1/1967','%d/%m/%Y'),'043732146','F37'),
	(677,'MOUTINER','Younoussa',STR_TO_DATE('14/5/1965','%d/%m/%Y'),'0815935047','H45'),
	(678,'MANQUIE','Nolwenn',STR_TO_DATE('18/2/1975','%d/%m/%Y'),'0943953234','F37'),
	(679,'LOUTEONNAU','Damien',STR_TO_DATE('2/3/1981','%d/%m/%Y'),'0853148770','H25'),
	(680,'DOILELTIS','Nina',STR_TO_DATE('15/6/1994','%d/%m/%Y'),'0920896132','F17'),
	(681,'CAMARNE','Maxime',STR_TO_DATE('21/11/1988','%d/%m/%Y'),'0235248167','H16'),
	(682,'DAILIELT','Léa',STR_TO_DATE('19/5/1936','%d/%m/%Y'),'0221960013','F67'),
	(683,'GAULHET','Raphaël',STR_TO_DATE('6/12/1988','%d/%m/%Y'),'0869709364','H15'),
	(684,'PARTEN','Clara',STR_TO_DATE('8/9/1936','%d/%m/%Y'),'029749058','F67'),
	(685,'BE','Florian',STR_TO_DATE('22/10/1966','%d/%m/%Y'),'0272194317','H34'),
	(686,'LENASS','Nina',STR_TO_DATE('25/6/1978','%d/%m/%Y'),'0464339754','F25'),
	(687,'CHEBEMIAK','Pierre-Adrien',STR_TO_DATE('27/9/1974','%d/%m/%Y'),'037047607','H35'),
	(688,'DESDE','Valentine',STR_TO_DATE('17/3/1984','%d/%m/%Y'),'0612397465','F27'),
	(689,'SALLONE','Axel',STR_TO_DATE('22/10/1992','%d/%m/%Y'),'0673624472','H14'),
	(690,'BONY','Anaïs',STR_TO_DATE('4/11/1982','%d/%m/%Y'),'0895822595','F24'),
	(691,'DETHIALY','Yacine',STR_TO_DATE('16/12/1940','%d/%m/%Y'),'0761885966','H67'),
	(692,'JOUGY','Jade',STR_TO_DATE('19/11/1972','%d/%m/%Y'),'0220629486','F37'),
	(693,'FAL','Jean',STR_TO_DATE('23/11/1971','%d/%m/%Y'),'0694564457','H37'),
	(694,'GALLAUD','Chloé',STR_TO_DATE('5/5/1937','%d/%m/%Y'),'071949480','F64'),
	(695,'GAIBAU','Baptiste',STR_TO_DATE('18/2/1945','%d/%m/%Y'),'0544335731','H64'),
	(696,'PE','Anaïs',STR_TO_DATE('4/3/1966','%d/%m/%Y'),'0151583201','F34'),
	(697,'PARLON','Mathieu',STR_TO_DATE('4/7/1936','%d/%m/%Y'),'0251511610','H64'),
	(698,'MABONDIS','Imane',STR_TO_DATE('27/11/1972','%d/%m/%Y'),'05295884','F34'),
	(699,'LAGOUVAUN','Thomas',STR_TO_DATE('23/6/1942','%d/%m/%Y'),'0136532645','H64'),
	(700,'BAIYAN','Lana',STR_TO_DATE('21/3/1940','%d/%m/%Y'),'0969244322','F64'),
	(701,'PERNT','Nino',STR_TO_DATE('22/2/1974','%d/%m/%Y'),'0887560827','H33'),
	(702,'BABOULILATE','Lucie',STR_TO_DATE('2/12/1965','%d/%m/%Y'),'0612481122','F42'),
	(703,'GARINTET','Antoine',STR_TO_DATE('11/9/1958','%d/%m/%Y'),'0410126780','H45'),
	(704,'LALIOT','Agathe',STR_TO_DATE('5/8/1975','%d/%m/%Y'),'0637280997','F37'),
	(705,'BOUD','Florian',STR_TO_DATE('3/8/1967','%d/%m/%Y'),'056840560','H37'),
	(706,'GOUBISA','Lilou',STR_TO_DATE('7/12/1974','%d/%m/%Y'),'0491761962','F38'),
	(707,'JOUTANT','Quentin',STR_TO_DATE('18/4/1945','%d/%m/%Y'),'0995797399','H68'),
	(708,'BILT','Félicie',STR_TO_DATE('20/9/1976','%d/%m/%Y'),'0781702068','F27'),
	(709,'MURRION','Emeric',STR_TO_DATE('13/12/1991','%d/%m/%Y'),'0451928508','H13'),
	(710,'MASSANES','Roxane',STR_TO_DATE('16/7/1940','%d/%m/%Y'),'0439898146','F68'),
	(711,'THAI','Vincent',STR_TO_DATE('14/7/1987','%d/%m/%Y'),'0141699596','H13'),
	(712,'COISEAN','Noemie',STR_TO_DATE('17/5/1963','%d/%m/%Y'),'0463375233','F45'),
	(713,'GREMY','Thibault',STR_TO_DATE('7/12/1955','%d/%m/%Y'),'0858113444','H58'),
	(714,'BENJAZ','Léonie',STR_TO_DATE('9/3/1960','%d/%m/%Y'),'0948710901','F41'),
	(715,'CASS','Julien',STR_TO_DATE('16/5/1970','%d/%m/%Y'),'0515884012','H32'),
	(716,'CAVALD','Coralie',STR_TO_DATE('5/6/1966','%d/%m/%Y'),'0376524425','F37'),
	(717,'BORITAU','Damien',STR_TO_DATE('1/7/1950','%d/%m/%Y'),'0570995189','H58'),
	(718,'ALOSIETIE','Marion',STR_TO_DATE('25/8/1967','%d/%m/%Y'),'0765548858','F37'),
	(719,'HARCHAS','Kevin',STR_TO_DATE('14/8/1995','%d/%m/%Y'),'0242366629','H16'),
	(720,'SODANGAUG','Camille',STR_TO_DATE('20/12/1944','%d/%m/%Y'),'0115021975','F68'),
	(721,'GOID','Julien',STR_TO_DATE('24/9/1960','%d/%m/%Y'),'0898094115','H48'),
	(722,'BIRZASS','Claire',STR_TO_DATE('26/8/1949','%d/%m/%Y'),'0230452512','F58'),
	(723,'MEBE','Yohann',STR_TO_DATE('27/9/1953','%d/%m/%Y'),'0511221872','H58'),
	(724,'MOLLERT','Lucie',STR_TO_DATE('3/7/1995','%d/%m/%Y'),'0377000158','F14'),
	(725,'BOSCHIN','Thomas',STR_TO_DATE('6/10/1949','%d/%m/%Y'),'067045813','H58'),
	(726,'MAKT','Lola',STR_TO_DATE('2/9/1982','%d/%m/%Y'),'0966195982','F26'),
	(727,'MUBONN','Valentin',STR_TO_DATE('9/3/1987','%d/%m/%Y'),'0931323532','H18'),
	(728,'THOMIET','Chloé',STR_TO_DATE('12/4/1978','%d/%m/%Y'),'0989227586','F25'),
	(729,'LAYVANE','Darenn',STR_TO_DATE('18/8/1943','%d/%m/%Y'),'0860523539','H68'),
	(730,'COINANT','Rose',STR_TO_DATE('1/3/1957','%d/%m/%Y'),'0455253148','F47'),
	(731,'CHOUNEN','Nicolas',STR_TO_DATE('21/1/1960','%d/%m/%Y'),'0696225837','H46'),
	(732,'BOQUEQUI','Léa',STR_TO_DATE('15/11/1978','%d/%m/%Y'),'0843932076','F26'),
	(733,'RASSIGET','Julien',STR_TO_DATE('20/4/1954','%d/%m/%Y'),'0615754833','H57'),
	(734,'COURENT','Clémence',STR_TO_DATE('8/10/1980','%d/%m/%Y'),'0220477000','F25'),
	(735,'VIRTI','Thibault',STR_TO_DATE('17/12/1991','%d/%m/%Y'),'0120179139','H15'),
	(736,'LESTOL','Mathilde',STR_TO_DATE('18/2/1949','%d/%m/%Y'),'0644008824','F57'),
	(737,'LOUMOULT','Pierrick',STR_TO_DATE('15/6/1962','%d/%m/%Y'),'0199028426','H44'),
	(738,'DUPOUER','Camille',STR_TO_DATE('1/8/1978','%d/%m/%Y'),'0760307098','F27'),
	(739,'RACOUEZ','Amaury',STR_TO_DATE('4/5/1971','%d/%m/%Y'),'0353378417','H34'),
	(740,'PO','Elsa',STR_TO_DATE('8/4/1953','%d/%m/%Y'),'0472715710','F57'),
	(741,'PELLEAU','Romain',STR_TO_DATE('25/9/1969','%d/%m/%Y'),'0687151358','H36'),
	(742,'LAUVANGE','Rose',STR_TO_DATE('26/1/1937','%d/%m/%Y'),'0970482716','F67'),
	(743,'MALIMO','Julien',STR_TO_DATE('13/8/1968','%d/%m/%Y'),'0626456506','H37'),
	(744,'MAPOFRE','Alice',STR_TO_DATE('6/10/1978','%d/%m/%Y'),'0881388609','F23'),
	(745,'TILA','Raphaël',STR_TO_DATE('11/1/1991','%d/%m/%Y'),'0211877606','H13'),
	(746,'PAMEIERI','Clémence',STR_TO_DATE('27/5/1979','%d/%m/%Y'),'0295137445','F24'),
	(747,'RARON','Bilal',STR_TO_DATE('15/9/1955','%d/%m/%Y'),'0925321940','H57'),
	(748,'MACHAD','Olivia',STR_TO_DATE('1/1/1977','%d/%m/%Y'),'0295716007','F25'),
	(749,'TOTODE','Sofiane',STR_TO_DATE('4/6/1977','%d/%m/%Y'),'0815918029','H26'),
	(750,'PEGOUT','Leana',STR_TO_DATE('6/10/1974','%d/%m/%Y'),'0314488814','F34'),
	(751,'SALERAY','Pierre-Etienne',STR_TO_DATE('24/12/1979','%d/%m/%Y'),'0172131459','H26'),
	(752,'KIDIL','Elisa',STR_TO_DATE('16/10/1966','%d/%m/%Y'),'0780811871','F35'),
	(753,'BICHRAULT','Guillaume',STR_TO_DATE('18/3/1952','%d/%m/%Y'),'0566398582','H57'),
	(754,'DUVOLAZ','Leana',STR_TO_DATE('18/3/1937','%d/%m/%Y'),'0496957531','F67'),
	(755,'DARALER','Kevin',STR_TO_DATE('4/9/1965','%d/%m/%Y'),'0538647529','H44'),
	(756,'KADDONC','Lucie',STR_TO_DATE('16/5/1950','%d/%m/%Y'),'012527276','F57'),
	(757,'LEROIE','Louison',STR_TO_DATE('3/2/1952','%d/%m/%Y'),'0349997792','H57'),
	(758,'COUBREA','Lilou',STR_TO_DATE('15/11/1936','%d/%m/%Y'),'0758091439','F67'),
	(759,'BERPAREU','Bilal',STR_TO_DATE('7/4/1969','%d/%m/%Y'),'0319143137','H35'),
	(760,'NONOTER','Elisa',STR_TO_DATE('9/9/1972','%d/%m/%Y'),'0320250526','F33'),
	(761,'NEUSIL','Theo',STR_TO_DATE('5/11/1993','%d/%m/%Y'),'0691262310','H16'),
	(762,'PLEVAGU','Margaux',STR_TO_DATE('25/1/1959','%d/%m/%Y'),'078255321','F45'),
	(763,'SCHERT','Sébastien',STR_TO_DATE('27/10/1939','%d/%m/%Y'),'0469429973','H67'),
	(764,'VANCHAPO','Sarah',STR_TO_DATE('20/9/1940','%d/%m/%Y'),'094762579','F67'),
	(765,'LENGA','Aurelien',STR_TO_DATE('9/1/1989','%d/%m/%Y'),'0457372736','H13'),
	(766,'GAUQUIC','Agathe',STR_TO_DATE('21/4/1989','%d/%m/%Y'),'0425208770','F17'),
	(767,'BRESSIER','Maxime',STR_TO_DATE('26/10/1969','%d/%m/%Y'),'0261861418','H36'),
	(768,'ADOMOI','Julia',STR_TO_DATE('23/7/1972','%d/%m/%Y'),'071865313','F32'),
	(769,'POURE','Nicolas',STR_TO_DATE('4/7/1942','%d/%m/%Y'),'0571962630','H67'),
	(770,'LAURNTAU','Zoé',STR_TO_DATE('9/7/1953','%d/%m/%Y'),'0742278120','F57'),
	(771,'LHABANT','Allan',STR_TO_DATE('12/1/1966','%d/%m/%Y'),'0353569372','H32'),
	(772,'FRILAT','Roxane',STR_TO_DATE('11/2/1964','%d/%m/%Y'),'0762763523','F47'),
	(773,'BEALIRER','Baptiste',STR_TO_DATE('11/11/1942','%d/%m/%Y'),'0187268393','H67'),
	(774,'CAWALL','Sarah',STR_TO_DATE('12/6/1944','%d/%m/%Y'),'0771464780','F67'),
	(775,'DUYIENSEZ','Aurelien',STR_TO_DATE('24/12/1995','%d/%m/%Y'),'0330166040','H16'),
	(776,'TEBIRY','Camille',STR_TO_DATE('14/3/1981','%d/%m/%Y'),'0786710445','F24'),
	(777,'CHABIAULI','Florentin',STR_TO_DATE('26/4/1980','%d/%m/%Y'),'0954004797','H25'),
	(778,'FESIARE','Lucie',STR_TO_DATE('28/1/1942','%d/%m/%Y'),'0362827402','F67'),
	(779,'BARSIX','Quentin',STR_TO_DATE('14/1/1942','%d/%m/%Y'),'083413983','H67'),
	(780,'BILILLAT','Elsa',STR_TO_DATE('12/2/1950','%d/%m/%Y'),'0660597775','F57'),
	(781,'NEGEL','Thomas',STR_TO_DATE('13/6/1990','%d/%m/%Y'),'0321893167','H17'),
	(782,'KIVEL','Rose',STR_TO_DATE('1/7/1963','%d/%m/%Y'),'0141208213','F43'),
	(783,'PUVIEN','Raphael',STR_TO_DATE('19/1/1956','%d/%m/%Y'),'0913976643','H46'),
	(784,'BETUX','Margaux',STR_TO_DATE('2/7/1974','%d/%m/%Y'),'014118851','F37'),
	(785,'SHANIEAN','Emeric',STR_TO_DATE('8/4/1989','%d/%m/%Y'),'0324132674','H15'),
	(786,'DAFEUIT','Léa',STR_TO_DATE('9/2/1963','%d/%m/%Y'),'0463716606','F45'),
	(787,'JOUS','Maxime',STR_TO_DATE('12/2/1954','%d/%m/%Y'),'0613585421','H57'),
	(788,'JABAT','Rose',STR_TO_DATE('15/4/1938','%d/%m/%Y'),'0777070795','F66'),
	(789,'ZIPRAULI','Thomas',STR_TO_DATE('14/3/1944','%d/%m/%Y'),'0127815824','H65'),
	(790,'MEMOS','Domitille',STR_TO_DATE('18/4/1962','%d/%m/%Y'),'0551467790','F43'),
	(791,'ROUMEROUX','Benoit',STR_TO_DATE('1/4/1949','%d/%m/%Y'),'088687377','H55'),
	(792,'DHAMA','Claire',STR_TO_DATE('11/11/1939','%d/%m/%Y'),'0471207505','F65'),
	(793,'FACAIER','Thomas',STR_TO_DATE('8/10/1963','%d/%m/%Y'),'0924344141','H45'),
	(794,'DENNIER','Solene',STR_TO_DATE('3/4/1995','%d/%m/%Y'),'0587968861','F14'),
	(795,'CAMER','Thomas',STR_TO_DATE('27/9/1990','%d/%m/%Y'),'0970409596','H14'),
	(796,'TAVES','Félicie',STR_TO_DATE('20/10/1962','%d/%m/%Y'),'0311374248','F44'),
	(797,'ELAUVARAU','Mathieu',STR_TO_DATE('24/1/1977','%d/%m/%Y'),'0360987250','H24'),
	(798,'LAULORDINOU','Lucie',STR_TO_DATE('14/5/1982','%d/%m/%Y'),'0926400002','F24'),
	(799,'LOLGREMA','Aymeric',STR_TO_DATE('26/2/1985','%d/%m/%Y'),'0475567515','H24'),
	(800,'LOUSS','Anna',STR_TO_DATE('22/11/1942','%d/%m/%Y'),'0698832206','F64'),
	(801,'DAVABIZAHANE','Sofiane',STR_TO_DATE('22/2/1983','%d/%m/%Y'),'0860784035','H23'),
	(802,'BARE','Louane',STR_TO_DATE('23/5/1939','%d/%m/%Y'),'0130975868','F68'),
	(803,'POLTRE','Aurelien',STR_TO_DATE('9/2/1952','%d/%m/%Y'),'0193869407','H58'),
	(804,'PEISVEAUD','Sarah',STR_TO_DATE('7/11/1963','%d/%m/%Y'),'0617762869','F48'),
	(805,'LYPON','Jérôme',STR_TO_DATE('27/9/1982','%d/%m/%Y'),'0253258519','H26'),
	(806,'PELVARER','Zoé',STR_TO_DATE('12/1/1973','%d/%m/%Y'),'0986089355','F32'),
	(807,'REJOTET','Thibault',STR_TO_DATE('12/5/1989','%d/%m/%Y'),'0695025115','H18'),
	(808,'NEJIS','Léonie',STR_TO_DATE('27/4/1975','%d/%m/%Y'),'0155328491','F38'),
	(809,'PEURES','Kévin',STR_TO_DATE('21/2/1943','%d/%m/%Y'),'0363812769','H68'),
	(810,'AL','Cindy',STR_TO_DATE('2/7/1936','%d/%m/%Y'),'0825626579','F68'),
	(811,'CROUVE','Flavian',STR_TO_DATE('10/10/1982','%d/%m/%Y'),'0164196271','H26'),
	(812,'ALCKIET','Lucie',STR_TO_DATE('10/12/1991','%d/%m/%Y'),'0458774620','F11'),
	(813,'MABRTHO','Thomas',STR_TO_DATE('1/3/1974','%d/%m/%Y'),'0929494149','H34'),
	(814,'EVAL','Manon',STR_TO_DATE('23/3/1988','%d/%m/%Y'),'0531667657','F14'),
	(815,'HAHEN','Quentin',STR_TO_DATE('2/5/1969','%d/%m/%Y'),'088968389','H36'),
	(816,'BONGNOTH','Rose',STR_TO_DATE('20/9/1964','%d/%m/%Y'),'0598315127','F43'),
	(817,'BOUTAD','Olivier',STR_TO_DATE('14/7/1994','%d/%m/%Y'),'0168559543','H14'),
	(818,'SANERER','Sarah',STR_TO_DATE('21/3/1940','%d/%m/%Y'),'0332853906','F68'),
	(819,'MALLIN','Pierre',STR_TO_DATE('4/6/1948','%d/%m/%Y'),'0234467484','H58'),
	(820,'MAGNOT','Ambre',STR_TO_DATE('11/9/1968','%d/%m/%Y'),'0423522635','F34'),
	(821,'SINAILOU','Othmane',STR_TO_DATE('26/9/1973','%d/%m/%Y'),'0560059205','H37'),
	(822,'BERDALM','Lena',STR_TO_DATE('15/7/1988','%d/%m/%Y'),'0339218273','F14'),
	(823,'DAYHOLT','Jessy',STR_TO_DATE('18/1/1973','%d/%m/%Y'),'0982308764','H34'),
	(824,'BOUIN','Lilou',STR_TO_DATE('19/3/1938','%d/%m/%Y'),'0544633173','F68'),
	(825,'COUFFET','Killian',STR_TO_DATE('17/3/1947','%d/%m/%Y'),'0152447020','H58'),
	(826,'PAGA','Félicie',STR_TO_DATE('5/3/1983','%d/%m/%Y'),'0695378285','F28'),
	(827,'ERUVENGA','Matthias',STR_TO_DATE('19/9/1969','%d/%m/%Y'),'0360563348','H34'),
	(828,'SAILA','Léonie',STR_TO_DATE('5/2/1966','%d/%m/%Y'),'0979253821','F33'),
	(829,'DERART','Simon',STR_TO_DATE('28/4/1972','%d/%m/%Y'),'043090023','H35'),
	(830,'NERRAN','Julia',STR_TO_DATE('9/10/1986','%d/%m/%Y'),'0898503704','F14'),
	(831,'DUEROULT','Thomas',STR_TO_DATE('23/8/1966','%d/%m/%Y'),'0528685892','H33'),
	(832,'COUNISON','Solene',STR_TO_DATE('1/4/1943','%d/%m/%Y'),'039655709','F67'),
	(833,'LEKONE','Jules',STR_TO_DATE('5/1/1983','%d/%m/%Y'),'0184906433','H26'),
	(834,'PEUT','Sarah',STR_TO_DATE('1/10/1940','%d/%m/%Y'),'0350748094','F67'),
	(835,'CHOSIRIA','Killian',STR_TO_DATE('13/7/1945','%d/%m/%Y'),'0263545072','H67'),
	(836,'SAUFLAU','Eva',STR_TO_DATE('25/3/1976','%d/%m/%Y'),'0463967297','F26'),
	(837,'VAU','Teddy',STR_TO_DATE('10/4/1956','%d/%m/%Y'),'0164711628','H44'),
	(838,'VADOY','Faustine',STR_TO_DATE('1/2/1984','%d/%m/%Y'),'0498088213','F27'),
	(839,'JANANAU','Johan',STR_TO_DATE('2/11/1945','%d/%m/%Y'),'0925866830','H67'),
	(840,'FARBEBA','Alice',STR_TO_DATE('27/2/1972','%d/%m/%Y'),'0981007737','F33'),
	(841,'JOUTINE','Quentin',STR_TO_DATE('10/5/1988','%d/%m/%Y'),'0698966432','H13'),
	(842,'PEVET','Marion',STR_TO_DATE('6/7/1960','%d/%m/%Y'),'013520442','F44'),
	(843,'SARTIERD','Nicolas',STR_TO_DATE('18/7/1982','%d/%m/%Y'),'0584658988','H26'),
	(844,'CABRI','Juliette',STR_TO_DATE('6/9/1952','%d/%m/%Y'),'0528291279','F57'),
	(845,'LALOU','Yan',STR_TO_DATE('12/1/1993','%d/%m/%Y'),'0536224836','H12'),
	(846,'MEUK','Camille',STR_TO_DATE('21/9/1943','%d/%m/%Y'),'0982498676','F67'),
	(847,'DETINEAL','Gregoire',STR_TO_DATE('25/7/1937','%d/%m/%Y'),'0780331200','H67'),
	(848,'ZET','Caroline',STR_TO_DATE('18/5/1941','%d/%m/%Y'),'0949760363','F67'),
	(849,'JARGE','Jean',STR_TO_DATE('3/5/1940','%d/%m/%Y'),'0811046810','H67'),
	(850,'LORTOUX','Margaux',STR_TO_DATE('9/12/1936','%d/%m/%Y'),'0414440527','F67'),
	(851,'FRIFOT','Sebastien',STR_TO_DATE('24/7/1952','%d/%m/%Y'),'0598690910','H57'),
	(852,'MEW','Sarah',STR_TO_DATE('16/10/1983','%d/%m/%Y'),'0590887252','F25'),
	(853,'MAIGNALE','Maxence',STR_TO_DATE('18/12/1963','%d/%m/%Y'),'0876183100','H46'),
	(854,'RINAY','Charlotte',STR_TO_DATE('7/5/1982','%d/%m/%Y'),'0326123513','F24'),
	(855,'RESQUIRD','Thomas',STR_TO_DATE('5/10/1949','%d/%m/%Y'),'089398195','H57'),
	(856,'KANINSOONER','Zoé',STR_TO_DATE('10/12/1963','%d/%m/%Y'),'049912697','F45'),
	(857,'MAROT','Alexandre',STR_TO_DATE('8/4/1988','%d/%m/%Y'),'0892122909','H12'),
	(858,'ALO','Enora',STR_TO_DATE('5/12/1963','%d/%m/%Y'),'0798089588','F47'),
	(859,'VRIGONT','Bilal',STR_TO_DATE('16/4/1957','%d/%m/%Y'),'0593791819','H46'),
	(860,'ALT','Eléna',STR_TO_DATE('5/8/1951','%d/%m/%Y'),'0853232737','F57'),
	(861,'HUPEAZ','Maxime',STR_TO_DATE('11/1/1972','%d/%m/%Y'),'0511473031','H35'),
	(862,'DENOUEZE','Camille',STR_TO_DATE('26/7/1960','%d/%m/%Y'),'067863573','F45'),
	(863,'ABALGET','Antoine',STR_TO_DATE('2/1/1995','%d/%m/%Y'),'0669066706','H14'),
	(864,'BABAS','Juliette',STR_TO_DATE('18/4/1936','%d/%m/%Y'),'0375437706','F67'),
	(865,'MERCHE','Gregoire',STR_TO_DATE('24/8/1941','%d/%m/%Y'),'0825471871','H67'),
	(866,'BEGITOF','Olivia',STR_TO_DATE('20/3/1967','%d/%m/%Y'),'0481113380','F36'),
	(867,'MEVIGANE','Stéphane',STR_TO_DATE('17/6/1964','%d/%m/%Y'),'067735405','H44'),
	(868,'THAUVREROLE','Anna',STR_TO_DATE('19/10/1937','%d/%m/%Y'),'0192151270','F67'),
	(869,'DELANOR','Mathieu',STR_TO_DATE('16/4/1976','%d/%m/%Y'),'0228241559','H22'),
	(870,'CHENEALE','Capucine',STR_TO_DATE('25/3/1940','%d/%m/%Y'),'024030505','F67'),
	(871,'FOCOLITH','Florian',STR_TO_DATE('14/8/1968','%d/%m/%Y'),'0955496287','H35'),
	(872,'SCHRAN','Jeanne',STR_TO_DATE('24/12/1962','%d/%m/%Y'),'0293947102','F45'),
	(873,'KUIX','Raphaël',STR_TO_DATE('3/1/1966','%d/%m/%Y'),'0881964184','H37'),
	(874,'PILKETE','Eden',STR_TO_DATE('8/12/1986','%d/%m/%Y'),'0289728490','F14'),
	(875,'INDET','Arthur',STR_TO_DATE('9/4/1985','%d/%m/%Y'),'0687594648','H26'),
	(876,'TAUNY','Eva',STR_TO_DATE('13/7/1965','%d/%m/%Y'),'0181686851','F47'),
	(877,'REURETE','Aurelien',STR_TO_DATE('9/3/1988','%d/%m/%Y'),'0734185890','H15'),
	(878,'LAJOUCKHER','Claire',STR_TO_DATE('22/10/1947','%d/%m/%Y'),'0283271077','F57'),
	(879,'VENNINGET','Teddy',STR_TO_DATE('13/9/1995','%d/%m/%Y'),'0646466962','H16'),
	(880,'CHAUIN','Emma',STR_TO_DATE('3/4/1994','%d/%m/%Y'),'0154048568','F15'),
	(881,'JILVON','Antoine',STR_TO_DATE('19/5/1954','%d/%m/%Y'),'0122993874','H57'),
	(882,'TOUR','Eloïse',STR_TO_DATE('21/7/1961','%d/%m/%Y'),'0577304990','F43'),
	(883,'GRILLERD','Adrien',STR_TO_DATE('16/5/1978','%d/%m/%Y'),'0884269399','H23'),
	(884,'CHAME','Charlotte',STR_TO_DATE('10/9/1958','%d/%m/%Y'),'0549081107','F45'),
	(885,'DASMASSU','Jean',STR_TO_DATE('4/10/1965','%d/%m/%Y'),'0822987888','H45'),
	(886,'BAPUDIA','Coralie',STR_TO_DATE('24/10/1983','%d/%m/%Y'),'022515275','F23'),
	(887,'RIVAT','Nicolas',STR_TO_DATE('17/1/1965','%d/%m/%Y'),'0324646560','H46'),
	(888,'MEAHARD','Rokhaya',STR_TO_DATE('18/7/1956','%d/%m/%Y'),'0498482930','F47'),
	(889,'NACHA','Jessy',STR_TO_DATE('26/2/1951','%d/%m/%Y'),'0489799652','H57'),
	(890,'VINNE','Pauline',STR_TO_DATE('20/11/1976','%d/%m/%Y'),'048894780','F27'),
	(891,'OROUKAN','Simon',STR_TO_DATE('7/1/1972','%d/%m/%Y'),'0628211130','H35'),
	(892,'CAUZZ','Claire',STR_TO_DATE('11/11/1985','%d/%m/%Y'),'0990693639','F25'),
	(893,'RIMOUX','Anthony',STR_TO_DATE('24/3/1954','%d/%m/%Y'),'0966558144','H57'),
	(894,'MAVIRIERET','Manon',STR_TO_DATE('13/11/1955','%d/%m/%Y'),'0527820957','F57'),
	(895,'RONCAUR','Thomas',STR_TO_DATE('11/5/1988','%d/%m/%Y'),'0478039160','H17'),
	(896,'TRULHER','Cindy',STR_TO_DATE('22/4/1954','%d/%m/%Y'),'07851424','F57'),
	(897,'GALAR','Florian',STR_TO_DATE('28/12/1968','%d/%m/%Y'),'0549966536','H35'),
	(898,'BEGNAGU','Pauline',STR_TO_DATE('3/10/1954','%d/%m/%Y'),'0865990054','F57'),
	(899,'SICQUOUX','Michael',STR_TO_DATE('1/6/1949','%d/%m/%Y'),'0891327506','H55'),
	(900,'KOUCH','Elsa',STR_TO_DATE('13/7/1952','%d/%m/%Y'),'0459103329','F55'),
	(901,'CORBAL','Julien',STR_TO_DATE('21/4/1991','%d/%m/%Y'),'0189389560','H14'),
	(902,'FROSSI','Clémence',STR_TO_DATE('2/5/1945','%d/%m/%Y'),'0658648887','F68'),
	(903,'RECHMEBOLOUE','Lucien',STR_TO_DATE('21/3/1966','%d/%m/%Y'),'0872547255','H38'),
	(904,'OUARANT','Alice',STR_TO_DATE('8/10/1937','%d/%m/%Y'),'0792958536','F68'),
	(905,'BOUGEN','Damien',STR_TO_DATE('22/8/1972','%d/%m/%Y'),'0536532578','H34'),
	(906,'LEIEVIE','Camille',STR_TO_DATE('23/11/1995','%d/%m/%Y'),'0537219473','F18'),
	(907,'HA','Romaric',STR_TO_DATE('25/4/1936','%d/%m/%Y'),'0617238113','H68'),
	(908,'BORATOU','Coralie',STR_TO_DATE('27/5/1992','%d/%m/%Y'),'072017234','F17'),
	(909,'JAMIS','Alan',STR_TO_DATE('15/2/1972','%d/%m/%Y'),'0933340867','H36'),
	(910,'PARLIT','Clara',STR_TO_DATE('11/7/1995','%d/%m/%Y'),'0590023686','F12'),
	(911,'HACHAUX','François',STR_TO_DATE('9/3/1979','%d/%m/%Y'),'054629988','H21'),
	(912,'DUARUERAN','Margaux',STR_TO_DATE('1/4/1991','%d/%m/%Y'),'0943140483','F18'),
	(913,'SKIMOUDEZ','Seyyid',STR_TO_DATE('12/2/1969','%d/%m/%Y'),'0828989731','H34'),
	(914,'BRESONC','Blandine',STR_TO_DATE('7/11/1946','%d/%m/%Y'),'0920702315','F58'),
	(915,'DOUZUER','Yacine',STR_TO_DATE('24/12/1971','%d/%m/%Y'),'0214474639','H37'),
	(916,'PEBEREY','Noemie',STR_TO_DATE('26/7/1962','%d/%m/%Y'),'0993904426','F47'),
	(917,'MOULAUFA','Nicolas',STR_TO_DATE('19/9/1985','%d/%m/%Y'),'0441724130','H22'),
	(918,'TARORT','Mila',STR_TO_DATE('13/6/1984','%d/%m/%Y'),'0472032020','F22'),
	(919,'LESPIR','David',STR_TO_DATE('17/12/1962','%d/%m/%Y'),'0549269794','H42'),
	(920,'TUSORETE','Mathilde',STR_TO_DATE('20/10/1985','%d/%m/%Y'),'0798967183','F26'),
	(921,'DESAN','Mathieu',STR_TO_DATE('10/2/1994','%d/%m/%Y'),'0312714918','H15'),
	(922,'RIND','Louna',STR_TO_DATE('6/12/1979','%d/%m/%Y'),'0666604177','F27'),
	(923,'CRUAR','Mathieu',STR_TO_DATE('23/5/1955','%d/%m/%Y'),'0876065748','H58'),
	(924,'LARGIS','Rose',STR_TO_DATE('1/9/1990','%d/%m/%Y'),'0764643276','F18'),
	(925,'AMMOUCHE','Damien',STR_TO_DATE('5/11/1951','%d/%m/%Y'),'0271845905','H58'),
	(926,'BREMAN','Lena',STR_TO_DATE('28/4/1977','%d/%m/%Y'),'0956732712','F26'),
	(927,'BARLHEY','Aurélien',STR_TO_DATE('6/1/1939','%d/%m/%Y'),'0164195729','H68'),
	(928,'BOTHARER','Rose',STR_TO_DATE('9/12/1937','%d/%m/%Y'),'0760360210','F68'),
	(929,'DETHOS','Robin',STR_TO_DATE('1/2/1943','%d/%m/%Y'),'0296110177','H67'),
	(930,'OGHAPA','Mathilde',STR_TO_DATE('21/2/1974','%d/%m/%Y'),'0747698091','F33'),
	(931,'DERLEIN','Julien',STR_TO_DATE('8/7/1947','%d/%m/%Y'),'0377695555','H57'),
	(932,'PICHEAUD','Cindy',STR_TO_DATE('7/12/1988','%d/%m/%Y'),'0614074750','F16'),
	(933,'OLONE','Florent',STR_TO_DATE('19/3/1994','%d/%m/%Y'),'0422233927','H17'),
	(934,'KHOTE','Julia',STR_TO_DATE('16/6/1953','%d/%m/%Y'),'0111582847','F57'),
	(935,'MARKAUIX','Sebastien',STR_TO_DATE('9/3/1989','%d/%m/%Y'),'0187956158','H14'),
	(936,'BALTANIR','Leana',STR_TO_DATE('11/7/1969','%d/%m/%Y'),'0367191172','F33'),
	(937,'DERDAR','Yassine',STR_TO_DATE('7/3/1952','%d/%m/%Y'),'089695305','H57'),
	(938,'TURCINDER','Sarah',STR_TO_DATE('12/4/1947','%d/%m/%Y'),'0796313261','F57'),
	(939,'AMIFEIETT','Maxime',STR_TO_DATE('22/1/1971','%d/%m/%Y'),'0959633237','H34'),
	(940,'ALLOID','Eva',STR_TO_DATE('2/10/1947','%d/%m/%Y'),'0642898459','F57'),
	(941,'BERT','Jeremy',STR_TO_DATE('26/6/1965','%d/%m/%Y'),'0113773274','H43'),
	(942,'MOUCERT','Lola',STR_TO_DATE('13/7/1955','%d/%m/%Y'),'0292293201','F57'),
	(943,'RONNOT','Sebastien',STR_TO_DATE('22/5/1963','%d/%m/%Y'),'0758934113','H43'),
	(944,'BEFERDISIE','Ambre',STR_TO_DATE('11/3/1977','%d/%m/%Y'),'041610711','F27'),
	(945,'DELUNGNE','Malory',STR_TO_DATE('20/6/1963','%d/%m/%Y'),'0779067174','H44'),
	(946,'BUDETIE','Nina',STR_TO_DATE('8/8/1982','%d/%m/%Y'),'0983247127','F23'),
	(947,'MEFEQUERAUT','Dorian',STR_TO_DATE('28/5/1949','%d/%m/%Y'),'0548767968','H57'),
	(948,'LEHASOM','Sarah',STR_TO_DATE('2/1/1951','%d/%m/%Y'),'0774969635','F57'),
	(949,'GULM','Allan',STR_TO_DATE('27/6/1967','%d/%m/%Y'),'0872787135','H33'),
	(950,'SKIROUARD','Solene',STR_TO_DATE('27/1/1990','%d/%m/%Y'),'0218079611','F15'),
	(951,'HUDET','Bilal',STR_TO_DATE('7/10/1971','%d/%m/%Y'),'0598654189','H34'),
	(952,'JAILLIE','Agathe',STR_TO_DATE('25/12/1950','%d/%m/%Y'),'0437337394','F57'),
	(953,'KATEUR','Joris',STR_TO_DATE('1/11/1941','%d/%m/%Y'),'082036117','H67'),
	(954,'LARREACI','Faustine',STR_TO_DATE('9/7/1971','%d/%m/%Y'),'0762945632','F34'),
	(955,'LENFETENE','Amaury',STR_TO_DATE('22/12/1979','%d/%m/%Y'),'0781114364','H24'),
	(956,'BOURET','Clémence',STR_TO_DATE('15/12/1966','%d/%m/%Y'),'0661316803','F33'),
	(957,'MARTE','Simon',STR_TO_DATE('15/5/1966','%d/%m/%Y'),'064190476','H34'),
	(958,'DUISAT','Margaux',STR_TO_DATE('27/11/1976','%d/%m/%Y'),'0568482016','F23'),
	(959,'BOIREINOT','Sébastien',STR_TO_DATE('14/6/1960','%d/%m/%Y'),'0876052983','H47'),
	(960,'DETTILAUREAU','Manon',STR_TO_DATE('19/5/1936','%d/%m/%Y'),'0751315571','F67'),
	(961,'SARHINO','Anthony',STR_TO_DATE('9/2/1987','%d/%m/%Y'),'0379208769','H14'),
	(962,'SOBOLLY','Elsa',STR_TO_DATE('12/8/1943','%d/%m/%Y'),'0932933667','F67'),
	(963,'DONIVY','Denis',STR_TO_DATE('6/5/1991','%d/%m/%Y'),'0882267045','H16'),
	(964,'BEBESA','Blandine',STR_TO_DATE('1/5/1957','%d/%m/%Y'),'0486021761','F47'),
	(965,'VONST','Martin',STR_TO_DATE('21/7/1949','%d/%m/%Y'),'0654946657','H57'),
	(966,'GAISININ','Marie-Laure',STR_TO_DATE('23/8/1983','%d/%m/%Y'),'0363620981','F24'),
	(967,'VEVIAURIN','Flavien',STR_TO_DATE('27/6/1958','%d/%m/%Y'),'0219709963','H47'),
	(968,'MOW','Camille',STR_TO_DATE('26/2/1949','%d/%m/%Y'),'0443062758','F57'),
	(969,'MOMALY','François',STR_TO_DATE('17/1/1968','%d/%m/%Y'),'0295329589','H36'),
	(970,'FAORIGUD','Elise',STR_TO_DATE('21/5/1985','%d/%m/%Y'),'0142327582','F24'),
	(971,'BOPFANGES','Thomas',STR_TO_DATE('20/5/1965','%d/%m/%Y'),'0876183524','H43'),
	(972,'PRILLAU','Chloé',STR_TO_DATE('8/8/1986','%d/%m/%Y'),'0359769598','F15'),
	(973,'SERERAUX','Allan',STR_TO_DATE('28/10/1940','%d/%m/%Y'),'0612822755','H67'),
	(974,'KOUSAIOY','Clara',STR_TO_DATE('27/7/1990','%d/%m/%Y'),'028509707','F14'),
	(975,'FABLO','Vincent',STR_TO_DATE('24/5/1968','%d/%m/%Y'),'0595174322','H37'),
	(976,'NODRAUR','Agathe',STR_TO_DATE('26/6/1965','%d/%m/%Y'),'0483241074','F47'),
	(977,'RUEVAR','Nicolas',STR_TO_DATE('1/4/1965','%d/%m/%Y'),'091809268','H47'),
	(978,'LORJIND','Leana',STR_TO_DATE('7/2/1954','%d/%m/%Y'),'0920443038','F57'),
	(979,'ELU','Robin',STR_TO_DATE('8/4/1985','%d/%m/%Y'),'0926248930','H27'),
	(980,'MARRY','Valentine',STR_TO_DATE('21/8/1969','%d/%m/%Y'),'0756675710','F35'),
	(981,'TCAZOUAMA','Matthias',STR_TO_DATE('18/4/1942','%d/%m/%Y'),'0785503324','H67'),
	(982,'ADROT','Léonie',STR_TO_DATE('14/9/1949','%d/%m/%Y'),'0615893071','F57'),
	(983,'GUCHON','Stéphane',STR_TO_DATE('11/5/1978','%d/%m/%Y'),'01585770','H25'),
	(984,'DEZEIT','Mathilde',STR_TO_DATE('4/6/1983','%d/%m/%Y'),'0592230864','F25'),
	(985,'MAUHORI','Thibault',STR_TO_DATE('28/2/1939','%d/%m/%Y'),'0656374071','H66'),
	(986,'BEBOUCLE','Mathilde',STR_TO_DATE('2/11/1981','%d/%m/%Y'),'0232056233','F25'),
	(987,'MI','Darenn',STR_TO_DATE('14/11/1943','%d/%m/%Y'),'0734824319','H66'),
	(988,'DILLERER','Capucine',STR_TO_DATE('24/10/1957','%d/%m/%Y'),'0273350457','F45'),
	(989,'FEBOTORININ','Pierre-adrien',STR_TO_DATE('18/6/1974','%d/%m/%Y'),'0136198970','H35'),
	(990,'BOSTINER','Sarah',STR_TO_DATE('23/12/1971','%d/%m/%Y'),'0921757685','F36'),
	(991,'MOUNUDOG','Sebastien',STR_TO_DATE('28/2/1956','%d/%m/%Y'),'0332881132','H45'),
	(992,'WALLOCHE','Marion',STR_TO_DATE('17/5/1940','%d/%m/%Y'),'0942673757','F66'),
	(993,'FRULAMYR','Romaric',STR_TO_DATE('4/11/1944','%d/%m/%Y'),'0344892890','H66'),
	(994,'LENUJA','Pauline',STR_TO_DATE('19/1/1944','%d/%m/%Y'),'0225432921','F66'),
	(995,'FETE','Quentin',STR_TO_DATE('8/12/1963','%d/%m/%Y'),'0896703494','H45'),
	(996,'THAOULL','Clara',STR_TO_DATE('20/10/1939','%d/%m/%Y'),'0262211787','F65'),
	(997,'HUENAO','Vincent',STR_TO_DATE('1/2/1942','%d/%m/%Y'),'0370997327','H65'),
	(998,'NOUGUE','Lilou',STR_TO_DATE('23/8/1965','%d/%m/%Y'),'035379584','F45'),
	(999,'ROROND','Guillaume',STR_TO_DATE('23/6/1960','%d/%m/%Y'),'0113305088','H45'),
	(1000,'PIQUY','Enora',STR_TO_DATE('9/11/1962','%d/%m/%Y'),'0441303527','F45'),
	(1001,'DELVERDI','Romain',STR_TO_DATE('21/9/1990','%d/%m/%Y'),'0482028930','H11'),
	(1002,'CALILOIRES','Enora',STR_TO_DATE('26/12/1936','%d/%m/%Y'),'0254307843','F68'),
	(1003,'GANDOU','Sebastien',STR_TO_DATE('10/7/1990','%d/%m/%Y'),'0372966543','H17'),
	(1004,'BRUNEROUER','Sarah',STR_TO_DATE('28/7/1980','%d/%m/%Y'),'0530438184','F27'),
	(1005,'YAREL','Killian',STR_TO_DATE('5/3/1990','%d/%m/%Y'),'0731201596','H12'),
	(1006,'KAKOVIEN','Louna',STR_TO_DATE('6/10/1956','%d/%m/%Y'),'0444052789','F45'),
	(1007,'GONREREAU','Dmitry',STR_TO_DATE('2/9/1988','%d/%m/%Y'),'0844263942','H17'),
	(1008,'HERCIG','Elise',STR_TO_DATE('7/9/1976','%d/%m/%Y'),'0816077572','F25'),
	(1009,'GAUTHOU','Anthony',STR_TO_DATE('26/4/1995','%d/%m/%Y'),'012926586','H14'),
	(1010,'LEMPEL','Louna',STR_TO_DATE('16/10/1940','%d/%m/%Y'),'0158797123','F68'),
	(1011,'MILVON','Julien',STR_TO_DATE('21/1/1962','%d/%m/%Y'),'0549155250','H43'),
	(1012,'HURAUERN','Marion',STR_TO_DATE('5/2/1942','%d/%m/%Y'),'0130985564','F68'),
	(1013,'BESSANEAU','Thibault',STR_TO_DATE('12/8/1988','%d/%m/%Y'),'0845047750','H15'),
	(1014,'CAMBET','Lana',STR_TO_DATE('24/12/1974','%d/%m/%Y'),'0124665682','F36'),
	(1015,'GUELA','Baptiste',STR_TO_DATE('24/11/1964','%d/%m/%Y'),'0954101002','H42'),
	(1016,'GAHINJIE','Elise',STR_TO_DATE('19/9/1972','%d/%m/%Y'),'055903228','F36'),
	(1017,'BOUN','Valentin',STR_TO_DATE('13/5/1994','%d/%m/%Y'),'0278059505','H18'),
	(1018,'NECKE','Eva',STR_TO_DATE('21/9/1995','%d/%m/%Y'),'0945778751','F12'),
	(1019,'QUIL','Bilal',STR_TO_DATE('24/4/1949','%d/%m/%Y'),'0380461045','H58'),
	(1020,'ARAUENAR','Anaïs',STR_TO_DATE('11/8/1951','%d/%m/%Y'),'0322458442','F58'),
	(1021,'LARTONT','Paul-Antoine',STR_TO_DATE('16/6/1962','%d/%m/%Y'),'0593747478','H46'),
	(1022,'OTERET','Jade',STR_TO_DATE('4/8/1986','%d/%m/%Y'),'0410430630','F13'),
	(1023,'LAMOU','Julien',STR_TO_DATE('25/8/1960','%d/%m/%Y'),'0242337071','H47'),
	(1024,'DUBAHIN','Célia',STR_TO_DATE('14/3/1970','%d/%m/%Y'),'0660350498','F37'),
	(1025,'MICHOU','Younes',STR_TO_DATE('17/2/1981','%d/%m/%Y'),'0973321013','H26'),
	(1026,'GOGOND','Eloïse',STR_TO_DATE('11/9/1941','%d/%m/%Y'),'0299858956','F68'),
	(1027,'LARNEVA','Yassine',STR_TO_DATE('18/7/1965','%d/%m/%Y'),'0764287318','H44'),
	(1028,'MALEBEDOU','Lilou',STR_TO_DATE('23/2/1943','%d/%m/%Y'),'0169470940','F68'),
	(1029,'LARRA','Jean',STR_TO_DATE('13/1/1962','%d/%m/%Y'),'0578431911','H45'),
	(1030,'SCEVIEROUGE','Sarah',STR_TO_DATE('10/2/1947','%d/%m/%Y'),'0751779659','F58'),
	(1031,'MOYET','Aurélien',STR_TO_DATE('10/1/1970','%d/%m/%Y'),'0967072596','H33'),
	(1032,'TODD','Lena',STR_TO_DATE('17/9/1976','%d/%m/%Y'),'091447234','F28'),
	(1033,'CABEL','Kévin',STR_TO_DATE('19/12/1975','%d/%m/%Y'),'0447035173','H36'),
	(1034,'FARAIRD','Eloïse',STR_TO_DATE('2/12/1960','%d/%m/%Y'),'0820331783','F46'),
	(1035,'BOLIGORET','Raphaël',STR_TO_DATE('8/3/1989','%d/%m/%Y'),'0848615734','H14'),
	(1036,'DELY','Nolwenn',STR_TO_DATE('22/10/1937','%d/%m/%Y'),'0325557688','F68'),
	(1037,'MELO','Bilal',STR_TO_DATE('7/11/1963','%d/%m/%Y'),'0227255213','H45'),
	(1038,'GAILAIR','Clémence',STR_TO_DATE('10/9/1979','%d/%m/%Y'),'0764117918','F27'),
	(1039,'ROURIEN','Guillaume',STR_TO_DATE('28/10/1970','%d/%m/%Y'),'016041142','H34'),
	(1040,'DUINCIN','Sarah',STR_TO_DATE('7/12/1938','%d/%m/%Y'),'0672961114','F68'),
	(1041,'CAVECHAVIER','Maxime',STR_TO_DATE('14/2/1958','%d/%m/%Y'),'0486592636','H46'),
	(1042,'BRURISSE','Louna',STR_TO_DATE('21/7/1972','%d/%m/%Y'),'0360720076','F36'),
	(1043,'DETOUER','Florent',STR_TO_DATE('7/5/1961','%d/%m/%Y'),'0243871637','H42'),
	(1044,'DEFEANER','Lilou',STR_TO_DATE('17/2/1952','%d/%m/%Y'),'0214360095','F57'),
	(1045,'BARAN','Willy',STR_TO_DATE('4/10/1990','%d/%m/%Y'),'0185748994','H15'),
	(1046,'JOUGELE','Faustine',STR_TO_DATE('25/3/1984','%d/%m/%Y'),'0897810204','F23'),
	(1047,'MOSSON','Bilal',STR_TO_DATE('1/6/1950','%d/%m/%Y'),'0844417322','H57'),
	(1048,'BRANN','Enora',STR_TO_DATE('24/7/1978','%d/%m/%Y'),'0950156675','F27'),
	(1049,'JELOKERON','Damien',STR_TO_DATE('21/1/1979','%d/%m/%Y'),'0390294828','H26'),
	(1050,'GUCHANT','Blandine',STR_TO_DATE('14/9/1993','%d/%m/%Y'),'0361447340','F14'),
	(1051,'BOIOT','Baptiste',STR_TO_DATE('2/7/1953','%d/%m/%Y'),'0879582386','H57'),
	(1052,'CHISARE','Sarah',STR_TO_DATE('25/10/1993','%d/%m/%Y'),'0230075576','F14'),
	(1053,'TAMOLLOT','Thomas',STR_TO_DATE('20/4/1963','%d/%m/%Y'),'0789976637','H46'),
	(1054,'DURE','Zoé',STR_TO_DATE('2/4/1972','%d/%m/%Y'),'0680153928','F36'),
	(1055,'AMBETELTIN','Guillaume',STR_TO_DATE('2/7/1940','%d/%m/%Y'),'0839932593','H67'),
	(1056,'RARALLUD','Jeanne',STR_TO_DATE('2/10/1992','%d/%m/%Y'),'0427802639','F13'),
	(1057,'LEVEILERD','Alan',STR_TO_DATE('7/2/1951','%d/%m/%Y'),'0450145375','H57'),
	(1058,'BALLO','Ambre',STR_TO_DATE('22/3/1939','%d/%m/%Y'),'0768918367','F67'),
	(1059,'GIBERISS','Sebastien',STR_TO_DATE('6/2/1941','%d/%m/%Y'),'0933639438','H67'),
	(1060,'MAPEARD','Louna',STR_TO_DATE('22/3/1979','%d/%m/%Y'),'013693269','F24'),
	(1061,'LES','Arthur',STR_TO_DATE('23/1/1994','%d/%m/%Y'),'0475163887','H14'),
	(1062,'LELIND','Jade',STR_TO_DATE('1/2/1940','%d/%m/%Y'),'041664729','F67'),
	(1063,'AFCERY','Jessy',STR_TO_DATE('22/3/1957','%d/%m/%Y'),'0634977054','H45'),
	(1064,'FRUT','Eléna',STR_TO_DATE('28/2/1969','%d/%m/%Y'),'0760153679','F37'),
	(1065,'BURIN','Mathieu',STR_TO_DATE('21/1/1953','%d/%m/%Y'),'0240283843','H57'),
	(1066,'ROUNENT','Alicia',STR_TO_DATE('16/3/1968','%d/%m/%Y'),'0579144484','F34'),
	(1067,'HE','Quentin',STR_TO_DATE('7/10/1978','%d/%m/%Y'),'0675312451','H26'),
	(1068,'DENOBVR','Louna',STR_TO_DATE('18/6/1977','%d/%m/%Y'),'0637557921','F24'),
	(1069,'LICHOS','Florian',STR_TO_DATE('5/6/1937','%d/%m/%Y'),'0312876223','H67'),
	(1070,'PIRETIA','Eléna',STR_TO_DATE('12/4/1955','%d/%m/%Y'),'0852944388','F57'),
	(1071,'VAVALOUX','Guillaume',STR_TO_DATE('13/8/1954','%d/%m/%Y'),'0946587711','H57'),
	(1072,'FOSTET','Clara',STR_TO_DATE('17/8/1944','%d/%m/%Y'),'015107931','F67'),
	(1073,'DHEZETINDJI','Willy',STR_TO_DATE('12/11/1941','%d/%m/%Y'),'0323489836','H67'),
	(1074,'CORGURD','Olivia',STR_TO_DATE('6/11/1969','%d/%m/%Y'),'016996364','F35'),
	(1075,'RAMMON','Clement',STR_TO_DATE('26/10/1976','%d/%m/%Y'),'0378265411','H24'),
	(1076,'MABRI','Nolwenn',STR_TO_DATE('5/12/1962','%d/%m/%Y'),'0928914444','F44'),
	(1077,'KASESER','Mathieu',STR_TO_DATE('18/11/1974','%d/%m/%Y'),'0113608751','H37'),
	(1078,'RERME','Louane',STR_TO_DATE('7/4/1969','%d/%m/%Y'),'0419684758','F33'),
	(1079,'ADDRY','Romaric',STR_TO_DATE('4/4/1937','%d/%m/%Y'),'0610957306','H67'),
	(1080,'CENGEZ','Eloïse',STR_TO_DATE('24/9/1937','%d/%m/%Y'),'0985506344','F67'),
	(1081,'SAURART','Baptiste',STR_TO_DATE('9/4/1969','%d/%m/%Y'),'0689583811','H33'),
	(1082,'CUVONETS','Romane',STR_TO_DATE('5/9/1941','%d/%m/%Y'),'099180236','F67'),
	(1083,'PINGEGULT','Romaric',STR_TO_DATE('11/10/1939','%d/%m/%Y'),'0493336938','H67'),
	(1084,'RIGU','Mathilde',STR_TO_DATE('16/11/1951','%d/%m/%Y'),'0762071794','F57'),
	(1085,'SCHOCHEU','Adrien',STR_TO_DATE('21/2/1949','%d/%m/%Y'),'0287936222','H57'),
	(1086,'GRATERD','Claire',STR_TO_DATE('3/6/1953','%d/%m/%Y'),'0760027448','F57'),
	(1087,'BOYEGHE','Jean',STR_TO_DATE('11/4/1981','%d/%m/%Y'),'0417560785','H23'),
	(1088,'SEMPELI','Ambre',STR_TO_DATE('20/7/1955','%d/%m/%Y'),'034410787','F57'),
	(1089,'RISSA','Yan',STR_TO_DATE('8/10/1948','%d/%m/%Y'),'0884040305','H57'),
	(1090,'BROURY','Lana',STR_TO_DATE('1/7/1947','%d/%m/%Y'),'0123902434','F55'),
	(1091,'GRINE','Kevin',STR_TO_DATE('16/1/1971','%d/%m/%Y'),'0828390943','H33'),
	(1092,'DUBORQUE','Claire',STR_TO_DATE('16/10/1966','%d/%m/%Y'),'0361797985','F35'),
	(1093,'BOSSITE','Clément',STR_TO_DATE('9/11/1973','%d/%m/%Y'),'0254932735','H35'),
	(1094,'SAYANT','Lucie',STR_TO_DATE('25/11/1979','%d/%m/%Y'),'0151903626','F24'),
	(1095,'ITTIN','Mathieu',STR_TO_DATE('9/2/1972','%d/%m/%Y'),'0856126477','H34'),
	(1096,'LERBE','Clara',STR_TO_DATE('21/10/1959','%d/%m/%Y'),'0926962355','F45'),
	(1097,'VANANIAN','Matthias',STR_TO_DATE('8/4/1963','%d/%m/%Y'),'0331420621','H45'),
	(1098,'BLOG','Louane',STR_TO_DATE('8/2/1958','%d/%m/%Y'),'0138106777','F45'),
	(1099,'BORCHIS','Benjamin',STR_TO_DATE('11/11/1983','%d/%m/%Y'),'087597087','H25'),
	(1100,'STRAR','Lola',STR_TO_DATE('16/3/1977','%d/%m/%Y'),'095659468','F25'),
	(1101,'LAMOY','Bilal',STR_TO_DATE('15/10/1954','%d/%m/%Y'),'0621852113','H58'),
	(1102,'FENTHA','Romane',STR_TO_DATE('7/2/1939','%d/%m/%Y'),'0174529623','F68'),
	(1103,'COUPER','Adrien',STR_TO_DATE('6/5/1937','%d/%m/%Y'),'0257377304','H68'),
	(1104,'CAMO','Imane',STR_TO_DATE('17/2/1944','%d/%m/%Y'),'0328171765','F68'),
	(1105,'BARRYET','Quentin',STR_TO_DATE('22/8/1944','%d/%m/%Y'),'0250146199','H68'),
	(1106,'PERATOIRE','Alice',STR_TO_DATE('2/8/1964','%d/%m/%Y'),'0427065471','F46'),
	(1107,'MOURECH','Kevin',STR_TO_DATE('24/9/1965','%d/%m/%Y'),'0248045116','H41'),
	(1108,'AURDERT','Sarah',STR_TO_DATE('6/6/1958','%d/%m/%Y'),'075243876','F48'),
	(1109,'SEGAN','David',STR_TO_DATE('25/5/1952','%d/%m/%Y'),'0559708148','H58'),
	(1110,'LADRAS','Pauline',STR_TO_DATE('2/7/1944','%d/%m/%Y'),'0682882395','F68'),
	(1111,'COLLAKE','Thomas',STR_TO_DATE('4/11/1983','%d/%m/%Y'),'0285184699','H26'),
	(1112,'RIONE','Célia',STR_TO_DATE('19/4/1992','%d/%m/%Y'),'04180481','F16'),
	(1113,'MENNAUT','Maxence',STR_TO_DATE('9/4/1974','%d/%m/%Y'),'0799656355','H33'),
	(1114,'DAIDAL','Marion',STR_TO_DATE('1/2/1947','%d/%m/%Y'),'0970993420','F58'),
	(1115,'LONDI','Remi',STR_TO_DATE('22/4/1980','%d/%m/%Y'),'0358034460','H28'),
	(1116,'ELLBAD','Domitille',STR_TO_DATE('19/4/1946','%d/%m/%Y'),'0945092465','F58'),
	(1117,'KASSET','Baptiste',STR_TO_DATE('14/7/1959','%d/%m/%Y'),'0661749765','H43'),
	(1118,'MARI','Félicie',STR_TO_DATE('23/6/1961','%d/%m/%Y'),'0262211927','F45'),
	(1119,'GUREBAR','Arnaud',STR_TO_DATE('9/6/1950','%d/%m/%Y'),'0272032250','H58'),
	(1120,'SODAR','Camille',STR_TO_DATE('3/8/1946','%d/%m/%Y'),'0919389529','F57'),
	(1121,'CALETAUTIER','Nicolas',STR_TO_DATE('21/4/1958','%d/%m/%Y'),'0565040587','H44'),
	(1122,'CHANNO','Claire',STR_TO_DATE('14/7/1995','%d/%m/%Y'),'0966017297','F12'),
	(1123,'MAGANACH','Jean-Michel',STR_TO_DATE('13/8/1981','%d/%m/%Y'),'0296000434','H24'),
	(1124,'BREBIRGNE','Romane',STR_TO_DATE('6/2/1982','%d/%m/%Y'),'0893015757','F27'),
	(1125,'MILAMEC','Jules',STR_TO_DATE('11/11/1962','%d/%m/%Y'),'0598293590','H47'),
	(1126,'MOPARAU','Olivia',STR_TO_DATE('7/12/1947','%d/%m/%Y'),'0825634781','F57'),
	(1127,'PEKARDAC','Bilal',STR_TO_DATE('10/3/1971','%d/%m/%Y'),'0636844210','H36'),
	(1128,'SENT','Rokhaya',STR_TO_DATE('20/3/1956','%d/%m/%Y'),'0331933159','F46'),
	(1129,'BESANNE','Simon',STR_TO_DATE('8/9/1956','%d/%m/%Y'),'0545465820','H45'),
	(1130,'SPIDOU','Manon',STR_TO_DATE('10/3/1965','%d/%m/%Y'),'0571522083','F46'),
	(1131,'ROU','Marc',STR_TO_DATE('26/7/1965','%d/%m/%Y'),'0419235386','H42'),
	(1132,'ANDAR','Marie-Laure',STR_TO_DATE('18/6/1946','%d/%m/%Y'),'0513457656','F57'),
	(1133,'DIDIT','Mathieu',STR_TO_DATE('2/2/1964','%d/%m/%Y'),'0935646482','H45'),
	(1134,'HARQULE','Lana',STR_TO_DATE('16/12/1967','%d/%m/%Y'),'0931341324','F35'),
	(1135,'DEVOMOR','Raphaël',STR_TO_DATE('2/10/1951','%d/%m/%Y'),'062834838','H57'),
	(1136,'RIOULONI','Manon',STR_TO_DATE('10/2/1936','%d/%m/%Y'),'0127256725','F67'),
	(1137,'DUITERNI','Martin',STR_TO_DATE('23/7/1968','%d/%m/%Y'),'0718564121','H34'),
	(1138,'MOGONDO','Nina',STR_TO_DATE('6/8/1967','%d/%m/%Y'),'0620809905','F33'),
	(1139,'SADROUI','Nicolas',STR_TO_DATE('12/8/1948','%d/%m/%Y'),'0924849499','H57'),
	(1140,'CHANON','Agathe',STR_TO_DATE('21/4/1973','%d/%m/%Y'),'0127587947','F34'),
	(1141,'DEDIRD','Yanaël',STR_TO_DATE('17/1/1956','%d/%m/%Y'),'0126235964','H46'),
	(1142,'SERVO','Jeanne',STR_TO_DATE('12/3/1992','%d/%m/%Y'),'0349273337','F17'),
	(1143,'LEUTOT','Joris',STR_TO_DATE('15/10/1977','%d/%m/%Y'),'063245305','H23'),
	(1144,'ELANAU','Camille',STR_TO_DATE('1/1/1968','%d/%m/%Y'),'0758836209','F35'),
	(1145,'KAICHE','Aurelien',STR_TO_DATE('23/11/1940','%d/%m/%Y'),'038193011','H67'),
	(1146,'AMARA','Zoé',STR_TO_DATE('2/4/1961','%d/%m/%Y'),'0837258849','F46'),
	(1147,'DEUCINE','Jessy',STR_TO_DATE('23/5/1963','%d/%m/%Y'),'0417027638','H42'),
	(1148,'SALMAJI','Eva',STR_TO_DATE('16/5/1946','%d/%m/%Y'),'0682194824','F57'),
	(1149,'TOUR','Nicolas',STR_TO_DATE('24/8/1947','%d/%m/%Y'),'0731532784','H57'),
	(1150,'DILOUR','Elsa',STR_TO_DATE('12/8/1954','%d/%m/%Y'),'0975153121','F57'),
	(1151,'MAURAL','Dorian',STR_TO_DATE('5/11/1989','%d/%m/%Y'),'0984308242','H14'),
	(1152,'CHEMPIED','Anaïs',STR_TO_DATE('2/4/1955','%d/%m/%Y'),'0959375321','F57'),
	(1153,'HESSONILT','Dylan',STR_TO_DATE('26/2/1936','%d/%m/%Y'),'0832985693','H67'),
	(1154,'THEGEAU','Lola',STR_TO_DATE('22/5/1966','%d/%m/%Y'),'0627997837','F37'),
	(1155,'HAMBELL','Adrien',STR_TO_DATE('18/2/1944','%d/%m/%Y'),'0279757291','H67'),
	(1156,'ALATAK','Emma',STR_TO_DATE('27/9/1990','%d/%m/%Y'),'016048305','F13'),
	(1157,'CLAS','Kevin',STR_TO_DATE('9/2/1987','%d/%m/%Y'),'017398248','H16'),
	(1158,'BROMPER','Coralie',STR_TO_DATE('27/11/1993','%d/%m/%Y'),'0627429547','F17'),
	(1159,'BECOMO','Gabriel',STR_TO_DATE('4/5/1937','%d/%m/%Y'),'0174176177','H67'),
	(1160,'HALLIRA','Jeanne',STR_TO_DATE('28/12/1940','%d/%m/%Y'),'0297297445','F67'),
	(1161,'ABIO','Hugo',STR_TO_DATE('1/5/1987','%d/%m/%Y'),'0346731170','H13'),
	(1162,'BOUTADOND','Alice',STR_TO_DATE('1/9/1979','%d/%m/%Y'),'0951290790','F26'),
	(1163,'RAZONDER','Nicolas',STR_TO_DATE('14/1/1962','%d/%m/%Y'),'0783924715','H45'),
	(1164,'BOCHAUNTEI','Capucine',STR_TO_DATE('1/9/1956','%d/%m/%Y'),'0768718389','F44'),
	(1165,'KORCET','Kevin',STR_TO_DATE('21/3/1976','%d/%m/%Y'),'0119161177','H23'),
	(1166,'BIAREKI','Faustine',STR_TO_DATE('12/6/1980','%d/%m/%Y'),'0828738422','F26'),
	(1167,'DASA','Maxime',STR_TO_DATE('10/3/1971','%d/%m/%Y'),'0982036339','H35'),
	(1168,'GIGORE','Louane',STR_TO_DATE('8/5/1987','%d/%m/%Y'),'0228967869','F12'),
	(1169,'ELHO','Baptiste',STR_TO_DATE('25/5/1942','%d/%m/%Y'),'0311909845','H67'),
	(1170,'MEFFIA','Célia',STR_TO_DATE('27/8/1983','%d/%m/%Y'),'0844928382','F27'),
	(1171,'SORRAL','Benjamin',STR_TO_DATE('11/1/1977','%d/%m/%Y'),'058654855','H24'),
	(1172,'OMANIE','Mathilde',STR_TO_DATE('25/5/1945','%d/%m/%Y'),'0238362768','F67'),
	(1173,'LENDETIER','Cedric',STR_TO_DATE('16/7/1953','%d/%m/%Y'),'0437818507','H57'),
	(1174,'MANTOS','Louane',STR_TO_DATE('8/8/1969','%d/%m/%Y'),'0522298533','F35'),
	(1175,'TUISAN','Hugo',STR_TO_DATE('2/3/1980','%d/%m/%Y'),'0434690368','H27'),
	(1176,'LANSON','Leana',STR_TO_DATE('12/12/1984','%d/%m/%Y'),'0969108854','F27'),
	(1177,'GAHARERER','Raphael',STR_TO_DATE('12/5/1939','%d/%m/%Y'),'0883671762','H67'),
	(1178,'BERRE','Emma',STR_TO_DATE('23/7/1992','%d/%m/%Y'),'0586025721','F17'),
	(1179,'DICHANT','Paul',STR_TO_DATE('2/2/1952','%d/%m/%Y'),'0811454912','H57'),
	(1180,'ROZRY','Elise',STR_TO_DATE('11/12/1976','%d/%m/%Y'),'086274121','F27'),
	(1181,'LAMBRGE','Louison',STR_TO_DATE('1/7/1937','%d/%m/%Y'),'0756036551','H67'),
	(1182,'TCHARE','Lena',STR_TO_DATE('21/7/1994','%d/%m/%Y'),'0557871511','F15'),
	(1183,'ROMA','Paul-Antoine',STR_TO_DATE('6/11/1987','%d/%m/%Y'),'0226753580','H17'),
	(1184,'CHIVINGU','Lena',STR_TO_DATE('24/10/1979','%d/%m/%Y'),'0161990787','F23'),
	(1185,'BERRAPS','Dimitri',STR_TO_DATE('4/2/1975','%d/%m/%Y'),'069882301','H34'),
	(1186,'SENNEAU','Eléna',STR_TO_DATE('22/6/1976','%d/%m/%Y'),'0979562127','F23'),
	(1187,'PICK','Maxime',STR_TO_DATE('26/6/1981','%d/%m/%Y'),'0588089703','H24'),
	(1188,'ALAME','Nolwenn',STR_TO_DATE('27/10/1992','%d/%m/%Y'),'0160200661','F16'),
	(1189,'MASTOC','Sebastien',STR_TO_DATE('24/8/1988','%d/%m/%Y'),'0114382546','H15'),
	(1190,'BAREAD','Claire',STR_TO_DATE('24/6/1969','%d/%m/%Y'),'0737180941','F34'),
	(1191,'DAZAN','Kevin',STR_TO_DATE('28/11/1945','%d/%m/%Y'),'0292306863','H65'),
	(1192,'RISANT','Charlotte',STR_TO_DATE('15/10/1937','%d/%m/%Y'),'0744414649','F65'),
	(1193,'ESTOMPT','Olivier',STR_TO_DATE('21/10/1973','%d/%m/%Y'),'0435193066','H35'),
	(1194,'OTRICLER','Claire',STR_TO_DATE('9/3/1989','%d/%m/%Y'),'0824229755','F14'),
	(1195,'DOUPERAUF','Logan',STR_TO_DATE('25/1/1975','%d/%m/%Y'),'0167421169','H34'),
	(1196,'FICOIN','Noemie',STR_TO_DATE('21/2/1940','%d/%m/%Y'),'0617294901','F65'),
	(1197,'CHAUCOY','Dimitri',STR_TO_DATE('16/12/1972','%d/%m/%Y'),'0213403081','H35'),
	(1198,'APIET','Leana',STR_TO_DATE('18/7/1967','%d/%m/%Y'),'0612544980','F34'),
	(1199,'INDONIL','Bilal',STR_TO_DATE('7/12/1972','%d/%m/%Y'),'0171875333','H34'),
	(1200,'LERTIN','Imane',STR_TO_DATE('13/11/1972','%d/%m/%Y'),'017117205','F35'),
	(1201,'BAPROS','Pierre',STR_TO_DATE('18/3/1981','%d/%m/%Y'),'0732669012','H23'),
	(1202,'KALTO','Elsa',STR_TO_DATE('28/12/1950','%d/%m/%Y'),'055356544','F58'),
	(1203,'BAMBAL','Valentin',STR_TO_DATE('28/1/1991','%d/%m/%Y'),'0518929707','H17'),
	(1204,'ERONER','Chloé',STR_TO_DATE('7/1/1944','%d/%m/%Y'),'0137085111','F68'),
	(1205,'CANZA','Flavian',STR_TO_DATE('15/11/1947','%d/%m/%Y'),'0810528079','H58'),
	(1206,'ESKAUT','Louna',STR_TO_DATE('7/12/1936','%d/%m/%Y'),'0294614647','F68'),
	(1207,'WITORD','Marc',STR_TO_DATE('4/9/1986','%d/%m/%Y'),'0823034565','H13'),
	(1208,'KEBRERER','Lena',STR_TO_DATE('20/7/1994','%d/%m/%Y'),'0133615610','F13'),
	(1209,'POUS','Grégory',STR_TO_DATE('14/12/1960','%d/%m/%Y'),'048183019','H41'),
	(1210,'BAMEA','Valentine',STR_TO_DATE('8/4/1957','%d/%m/%Y'),'0754533102','F45'),
	(1211,'MOSTENAG','Valentin',STR_TO_DATE('16/4/1940','%d/%m/%Y'),'0384563927','H68'),
	(1212,'ROURERT','Anaïs',STR_TO_DATE('23/6/1943','%d/%m/%Y'),'0611182641','F68'),
	(1213,'CANNOT','Julien',STR_TO_DATE('10/4/1957','%d/%m/%Y'),'0469095784','H46'),
	(1214,'VIONGEAL','Mathilde',STR_TO_DATE('18/7/1962','%d/%m/%Y'),'0314007930','F43'),
	(1215,'BOILI','Thomas',STR_TO_DATE('21/5/1959','%d/%m/%Y'),'0254763786','H45'),
	(1216,'LIERTE','Enora',STR_TO_DATE('6/12/1975','%d/%m/%Y'),'064277415','F32'),
	(1217,'CHANQUIND','Thomas',STR_TO_DATE('2/12/1974','%d/%m/%Y'),'0515546095','H32'),
	(1218,'MAHERDOFF','Anna',STR_TO_DATE('10/11/1963','%d/%m/%Y'),'0636187822','F48'),
	(1219,'SAUSCHY','Jessy',STR_TO_DATE('2/8/1947','%d/%m/%Y'),'0216435179','H58'),
	(1220,'DEBBORIE','Lena',STR_TO_DATE('25/6/1972','%d/%m/%Y'),'094443464','F38'),
	(1221,'SEBITER','Antoine',STR_TO_DATE('20/1/1983','%d/%m/%Y'),'0756285605','H22'),
	(1222,'DINSIAN','Anna',STR_TO_DATE('16/10/1959','%d/%m/%Y'),'065534832','F46'),
	(1223,'GROTICHO','Julien',STR_TO_DATE('27/2/1948','%d/%m/%Y'),'0442804414','H58'),
	(1224,'TERESOA','Faustine',STR_TO_DATE('11/5/1978','%d/%m/%Y'),'0766537335','F23'),
	(1225,'BARTON','Remy',STR_TO_DATE('4/1/1976','%d/%m/%Y'),'0143349031','H22'),
	(1226,'BAY','Capucine',STR_TO_DATE('1/2/1993','%d/%m/%Y'),'026632750','F15'),
	(1227,'BERIST','Anthony',STR_TO_DATE('10/1/1955','%d/%m/%Y'),'09991223','H58'),
	(1228,'BEROTO','Clara',STR_TO_DATE('15/11/1946','%d/%m/%Y'),'0756782668','F58'),
	(1229,'BOUVERCHE','Axel',STR_TO_DATE('19/6/1962','%d/%m/%Y'),'0463465029','H44'),
	(1230,'BEDREAN','Lola',STR_TO_DATE('18/1/1979','%d/%m/%Y'),'083066647','F25'),
	(1231,'CARIRESON','Maxime',STR_TO_DATE('28/1/1964','%d/%m/%Y'),'0582806975','H43'),
	(1232,'DEBEAUR','Eden',STR_TO_DATE('11/7/1982','%d/%m/%Y'),'0897276527','F26'),
	(1233,'WARHACK','Yassine',STR_TO_DATE('22/5/1957','%d/%m/%Y'),'0377891315','H43'),
	(1234,'DJARA','Louane',STR_TO_DATE('5/11/1937','%d/%m/%Y'),'0743718192','F67'),
	(1235,'DELENOUFFY','Damien',STR_TO_DATE('13/3/1974','%d/%m/%Y'),'082264025','H35'),
	(1236,'THARTART','Jade',STR_TO_DATE('27/3/1991','%d/%m/%Y'),'068122083','F16'),
	(1237,'ESSOC','Guillaume',STR_TO_DATE('11/6/1955','%d/%m/%Y'),'0863450737','H57'),
	(1238,'EVRONAMMIER','Clara',STR_TO_DATE('2/11/1965','%d/%m/%Y'),'0254012204','F46'),
	(1239,'EDATE','Sebastien',STR_TO_DATE('13/6/1956','%d/%m/%Y'),'0241061491','H45'),
	(1240,'GUAPE','Manon',STR_TO_DATE('1/9/1949','%d/%m/%Y'),'0513478413','F57'),
	(1241,'GHEVE','Aurelien',STR_TO_DATE('27/9/1966','%d/%m/%Y'),'0314626828','H34'),
	(1242,'HEAULAUX','Félicie',STR_TO_DATE('9/9/1968','%d/%m/%Y'),'0337262550','F34'),
	(1243,'LEISAU','Bilal',STR_TO_DATE('21/12/1980','%d/%m/%Y'),'0676020680','H23'),
	(1244,'LONTER','Alicia',STR_TO_DATE('11/7/1977','%d/%m/%Y'),'0480992111','F23'),
	(1245,'LARRON','Nino',STR_TO_DATE('8/5/1977','%d/%m/%Y'),'0978232598','H24'),
	(1246,'MEUX','Olivia',STR_TO_DATE('28/10/1947','%d/%m/%Y'),'0267269502','F57'),
	(1247,'MORTELIND','Kevin',STR_TO_DATE('4/2/1978','%d/%m/%Y'),'0924055001','H24'),
	(1248,'MAKHOU','Rose',STR_TO_DATE('12/5/1937','%d/%m/%Y'),'0311585160','F67'),
	(1249,'NERGUIRT','Olivier',STR_TO_DATE('14/3/1944','%d/%m/%Y'),'0276317168','H67'),
	(1250,'PATHE','Elise',STR_TO_DATE('15/3/1964','%d/%m/%Y'),'0381388882','F46'),
	(1251,'RUMOUN','Thomas',STR_TO_DATE('26/5/1956','%d/%m/%Y'),'0232604079','H44'),
	(1252,'ROBERPOLE','Agathe',STR_TO_DATE('15/7/1982','%d/%m/%Y'),'0542198440','F26'),
	(1253,'SOIGUE','Mathieu',STR_TO_DATE('16/1/1976','%d/%m/%Y'),'0388432105','H27'),
	(1254,'SAIZAUD','Louane',STR_TO_DATE('6/6/1988','%d/%m/%Y'),'0413502402','F14'),
	(1255,'ALMOT','Pierre',STR_TO_DATE('1/6/1972','%d/%m/%Y'),'0561453741','H37'),
	(1256,'LARTUIGEU','Lana',STR_TO_DATE('13/9/1968','%d/%m/%Y'),'0948571948','F36'),
	(1257,'ANISOUL','Clement',STR_TO_DATE('19/3/1977','%d/%m/%Y'),'0154311694','H24'),
	(1258,'BELANA','Clémence',STR_TO_DATE('17/12/1976','%d/%m/%Y'),'0226695392','F25'),
	(1259,'BERONTE','David',STR_TO_DATE('21/10/1988','%d/%m/%Y'),'0530762209','H17'),
	(1260,'BELLER','Cindy',STR_TO_DATE('2/3/1954','%d/%m/%Y'),'0163119457','F57'),
	(1261,'BOQUIDO','Florian',STR_TO_DATE('6/2/1969','%d/%m/%Y'),'0486309407','H36'),
	(1262,'BOUY','Camille',STR_TO_DATE('19/3/1946','%d/%m/%Y'),'0190404594','F57'),
	(1263,'BOUQUILE','Nicolas',STR_TO_DATE('24/4/1968','%d/%m/%Y'),'0515402797','H37'),
	(1264,'BORAMOT','Claire',STR_TO_DATE('5/10/1986','%d/%m/%Y'),'0869635411','F17'),
	(1265,'ABDAULLI','Florentin',STR_TO_DATE('20/9/1991','%d/%m/%Y'),'0270299694','H16'),
	(1266,'BRAREROU','Lou',STR_TO_DATE('19/2/1992','%d/%m/%Y'),'085170352','F14'),
	(1267,'CAURU','Grégory',STR_TO_DATE('1/7/1958','%d/%m/%Y'),'0365176831','H45'),
	(1268,'CANEUCHAC','Lou',STR_TO_DATE('9/7/1936','%d/%m/%Y'),'0497589034','F67'),
	(1269,'CHATON','Kerryl',STR_TO_DATE('17/11/1949','%d/%m/%Y'),'0815927226','H57'),
	(1270,'CHORRETE','Elisa',STR_TO_DATE('14/5/1988','%d/%m/%Y'),'0497913082','F16'),
	(1271,'CHOG','Younes',STR_TO_DATE('28/7/1976','%d/%m/%Y'),'0735208233','H27'),
	(1272,'CICEL','Julia',STR_TO_DATE('8/6/1985','%d/%m/%Y'),'0246664832','F27'),
	(1273,'COSSE','Antoine',STR_TO_DATE('14/6/1964','%d/%m/%Y'),'0850292235','H47'),
	(1274,'CHASSIT','Lena',STR_TO_DATE('9/4/1937','%d/%m/%Y'),'0746802165','F67'),
	(1275,'DEPUEN','Yan',STR_TO_DATE('22/5/1955','%d/%m/%Y'),'0841949626','H57'),
	(1276,'DESSER','Camille',STR_TO_DATE('25/5/1959','%d/%m/%Y'),'0189792581','F47'),
	(1277,'DES','Jeremy',STR_TO_DATE('18/1/1936','%d/%m/%Y'),'0484623087','H67'),
	(1278,'DENOGENAR','Olivia',STR_TO_DATE('5/4/1939','%d/%m/%Y'),'0785405404','F67'),
	(1279,'DORTI','Julien',STR_TO_DATE('25/4/1951','%d/%m/%Y'),'0219089638','H57'),
	(1280,'DUMINGAON','Mathilde',STR_TO_DATE('13/7/1990','%d/%m/%Y'),'0489388207','F17'),
	(1281,'SANILLO','Alexandre',STR_TO_DATE('26/11/1946','%d/%m/%Y'),'0619757612','H57'),
	(1282,'DUN','Camille',STR_TO_DATE('3/3/1955','%d/%m/%Y'),'0332439114','F57'),
	(1283,'DUPIN','Maxence',STR_TO_DATE('3/7/1994','%d/%m/%Y'),'068290093','H17'),
	(1284,'DURGECHES','Anna',STR_TO_DATE('3/6/1972','%d/%m/%Y'),'0858130105','F35'),
	(1285,'DUFORD','Mathieu',STR_TO_DATE('13/7/1975','%d/%m/%Y'),'0644395963','H34'),
	(1286,'DEOLERER','Claire',STR_TO_DATE('21/5/1967','%d/%m/%Y'),'0763356218','F36'),
	(1287,'ELLOUE','Bilal',STR_TO_DATE('11/1/1966','%d/%m/%Y'),'051694161','H35'),
	(1288,'ELANEN','Olivia',STR_TO_DATE('16/5/1992','%d/%m/%Y'),'0697981024','F15'),
	(1289,'GAMOU','Emeric',STR_TO_DATE('5/1/1973','%d/%m/%Y'),'0474801088','H37'),
	(1290,'ELAIE','Camille',STR_TO_DATE('28/7/1939','%d/%m/%Y'),'0139414439','F67'),
	(1291,'FORELEZIER','Clement',STR_TO_DATE('26/2/1969','%d/%m/%Y'),'0864605717','H37'),
	(1292,'FOX','Camille',STR_TO_DATE('28/6/1966','%d/%m/%Y'),'067598071','F34'),
	(1293,'FREMIGER','François',STR_TO_DATE('2/12/1995','%d/%m/%Y'),'0367468938','H15'),
	(1294,'VIQ','Lou',STR_TO_DATE('20/8/1972','%d/%m/%Y'),'0515453061','F34'),
	(1295,'FOSAGAUR','Guillaume',STR_TO_DATE('11/8/1941','%d/%m/%Y'),'0488547121','H65'),
	(1296,'GREBET','Mathilde',STR_TO_DATE('2/10/1937','%d/%m/%Y'),'0882503848','F65'),
	(1297,'GRUG','Pierre',STR_TO_DATE('14/5/1943','%d/%m/%Y'),'0241005847','H65'),
	(1298,'HIRU','Anna',STR_TO_DATE('12/3/1938','%d/%m/%Y'),'0177202832','F65'),
	(1299,'HIMBAS','Bilal',STR_TO_DATE('28/9/1938','%d/%m/%Y'),'0463942412','H64'),
	(1300,'HOLEGUILER','Claire',STR_TO_DATE('4/10/1944','%d/%m/%Y'),'0140050231','F64'),
	(1301,'INTATIERI','Clément',STR_TO_DATE('26/11/1987','%d/%m/%Y'),'023179443','H16'),
	(1302,'JAMY','Valentine',STR_TO_DATE('19/8/1960','%d/%m/%Y'),'0728637363','F43'),
	(1303,'KROMELT','Gilian',STR_TO_DATE('22/1/1976','%d/%m/%Y'),'0737359369','H21'),
	(1304,'KAMAT','Mathilde',STR_TO_DATE('27/3/1939','%d/%m/%Y'),'0966740464','F68'),
	(1305,'LATRULE','Julien',STR_TO_DATE('11/10/1991','%d/%m/%Y'),'0522084032','H15'),
	(1306,'LAULA','Sarah',STR_TO_DATE('25/4/1969','%d/%m/%Y'),'0656093225','F37'),
	(1307,'LAVA','Guillaume',STR_TO_DATE('20/8/1986','%d/%m/%Y'),'0659643214','H15'),
	(1308,'LAZIE','Mathilde',STR_TO_DATE('6/8/1973','%d/%m/%Y'),'082200677','F37'),
	(1309,'LAIMAS','Mathieu',STR_TO_DATE('16/12/1961','%d/%m/%Y'),'0336051490','H42'),
	(1310,'LEBRINT','Lucie',STR_TO_DATE('17/5/1948','%d/%m/%Y'),'0913779913','F58'),
	(1311,'LECAUTIER','Thomas',STR_TO_DATE('13/8/1938','%d/%m/%Y'),'0761254306','H68'),
	(1312,'LENCIGAU','Marion',STR_TO_DATE('15/12/1957','%d/%m/%Y'),'083242738','F42'),
	(1313,'LELUC','Nicolas',STR_TO_DATE('21/9/1985','%d/%m/%Y'),'0590912625','H22'),
	(1314,'LILLIER','Camille',STR_TO_DATE('12/11/1941','%d/%m/%Y'),'094176632','F68'),
	(1315,'LOPULEUMY','Quentin',STR_TO_DATE('17/10/1972','%d/%m/%Y'),'0323747816','H36'),
	(1316,'LORRE','Clara',STR_TO_DATE('3/1/1982','%d/%m/%Y'),'0818563027','F24'),
	(1317,'LERDONTIN','Yan',STR_TO_DATE('16/9/1975','%d/%m/%Y'),'0132057236','H36'),
	(1318,'MAK','Coralie',STR_TO_DATE('24/3/1995','%d/%m/%Y'),'0443011907','F14'),
	(1319,'MARER','Yohann',STR_TO_DATE('5/8/1976','%d/%m/%Y'),'0932318663','H28'),
	(1320,'MASARY','Rose',STR_TO_DATE('17/2/1945','%d/%m/%Y'),'0143688534','F68'),
	(1321,'MALLY','Maxence',STR_TO_DATE('9/3/1944','%d/%m/%Y'),'0577851391','H68'),
	(1322,'MERMBALIO','Enora',STR_TO_DATE('12/9/1982','%d/%m/%Y'),'0675965848','F25'),
	(1323,'MESA','Florentin',STR_TO_DATE('3/12/1957','%d/%m/%Y'),'0492738865','H43'),
	(1324,'MEAN','Imane',STR_TO_DATE('6/3/1944','%d/%m/%Y'),'0114167974','F68'),
	(1325,'MICAN','Florentin',STR_TO_DATE('22/7/1975','%d/%m/%Y'),'0623063892','H32'),
	(1326,'MOBIEZACH','Lucie',STR_TO_DATE('22/5/1938','%d/%m/%Y'),'0699753718','F68'),
	(1327,'MAIDJANS','Remy',STR_TO_DATE('24/7/1952','%d/%m/%Y'),'0625169225','H58'),
	(1328,'NODUIAR','Elise',STR_TO_DATE('23/8/1972','%d/%m/%Y'),'0515788230','F38'),
	(1329,'NONDE','Maxime',STR_TO_DATE('27/9/1951','%d/%m/%Y'),'0522095311','H58'),
	(1330,'REPAL','Lucie',STR_TO_DATE('10/7/1994','%d/%m/%Y'),'089347729','F15'),
	(1331,'PAUZIL','Valentin',STR_TO_DATE('20/8/1984','%d/%m/%Y'),'0588315133','H23'),
	(1332,'PAMOUL','Jeanne',STR_TO_DATE('6/8/1988','%d/%m/%Y'),'0122591943','F16'),
	(1333,'PEPOUCHIE','Joris',STR_TO_DATE('4/3/1938','%d/%m/%Y'),'0526173425','H67'),
	(1334,'PIVILO','Claire',STR_TO_DATE('26/11/1971','%d/%m/%Y'),'0544560822','F34'),
	(1335,'PENCEL','Baptiste',STR_TO_DATE('14/3/1987','%d/%m/%Y'),'0447659872','H17'),
	(1336,'RIOFFO','Maëlys',STR_TO_DATE('11/6/1938','%d/%m/%Y'),'0768470727','F67'),
	(1337,'ROUAR','Michael',STR_TO_DATE('17/7/1966','%d/%m/%Y'),'017890815','H33'),
	(1338,'ROUVRI','Emma',STR_TO_DATE('18/3/1988','%d/%m/%Y'),'099384589','F17'),
	(1339,'RAT','Jeremy',STR_TO_DATE('10/1/1977','%d/%m/%Y'),'0549834185','H23'),
	(1340,'SAYESEAU','Elsa',STR_TO_DATE('25/7/1981','%d/%m/%Y'),'0349139673','F26'),
	(1341,'SALPIES','Romaric',STR_TO_DATE('11/12/1942','%d/%m/%Y'),'0379503700','H67'),
	(1342,'DOUNYE','Louna',STR_TO_DATE('23/4/1995','%d/%m/%Y'),'0746158534','F17'),
	(1343,'LAKBRAR','Florian',STR_TO_DATE('20/1/1944','%d/%m/%Y'),'0132958265','H67'),
	(1344,'SITOURIN','Anna',STR_TO_DATE('21/12/1987','%d/%m/%Y'),'0798592628','F17'),
	(1345,'TOUTHARTE','Mehdi',STR_TO_DATE('20/10/1979','%d/%m/%Y'),'0689459452','H27'),
	(1346,'VALBEROVET','Eloïse',STR_TO_DATE('10/2/1943','%d/%m/%Y'),'0645890115','F67'),
	(1347,'WESERD','Damien',STR_TO_DATE('20/12/1962','%d/%m/%Y'),'0243062171','H47'),
	(1348,'ZARTHE','Domitille',STR_TO_DATE('12/10/1971','%d/%m/%Y'),'0657352221','F37');

-- les élément des panels
insert into CONSTITUER(idPan,numSond) values

-- le panel numero 1
	(1,1),
	(1,2),
	(1,3),
	(1,4),
	(1,5),
	(1,6),
	(1,7),
	(1,8),
	(1,9),
	(1,10),
	(1,11),
	(1,12),
	(1,13),
	(1,14),
	(1,15),
	(1,16),
	(1,17),
	(1,18),
	(1,19),
	(1,20),
	(1,21),
	(1,22),
	(1,23),
	(1,24),
	(1,25),
	(1,26),
	(1,27),
	(1,28),
	(1,29),
	(1,30),
	(1,31),
	(1,32),
	(1,33),
	(1,34),
	(1,35),
	(1,36),
	(1,37),
	(1,38),
	(1,39),
	(1,40),
	(1,41),
	(1,42),
	(1,43),
	(1,44),
	(1,45),
	(1,46),
	(1,47),
	(1,48),
	(1,49),
	(1,50),
	(1,51),
	(1,52),
	(1,53),
	(1,54),
	(1,55),
	(1,56),
	(1,57),
	(1,58),
	(1,59),
	(1,60),
	(1,61),
	(1,62),
	(1,63),
	(1,64),
	(1,65),
	(1,66),
	(1,67),
	(1,68),
	(1,69),
	(1,70),
	(1,71),
	(1,72),
	(1,73),
	(1,74),
	(1,75),
	(1,76),
	(1,77),
	(1,78),
	(1,79),
	(1,80),
	(1,81),
	(1,82),
	(1,83),
	(1,84),
	(1,85),
	(1,86),
	(1,87),
	(1,88),
	(1,89),
	(1,90),
	(1,91),
	(1,92),
	(1,93),
	(1,94),
	(1,95),
	(1,96),
	(1,97),
	(1,98),
	(1,99),
	(1,100),
	(1,101),
	(1,102),
	(1,103),
	(1,104),
	(1,105),
	(1,106),
	(1,107),
	(1,108),
	(1,109),
	(1,110),
	(1,111),
	(1,112),
	(1,113),
	(1,114),
	(1,115),
	(1,116),
	(1,117),
	(1,118),
	(1,119),
	(1,120),
	(1,121),
	(1,122),
	(1,123),
	(1,124),
	(1,125),
	(1,126),
	(1,127),
	(1,128),
	(1,129),
	(1,130),
	(1,131),
	(1,132),
	(1,133),
	(1,134),
	(1,135),
	(1,136),
	(1,137),
	(1,138),
	(1,139),
	(1,140),
	(1,141),
	(1,142),
	(1,143),
	(1,144),
	(1,145),
	(1,146),
	(1,147),
	(1,148),
	(1,149),
	(1,150),
	(1,151),
	(1,152),
	(1,153),
	(1,154),
	(1,155),
	(1,156),
	(1,157),
	(1,158),
	(1,159),
	(1,160),
	(1,161),
	(1,162),
	(1,163),
	(1,164),
	(1,165),
	(1,166),
	(1,167),
	(1,168),
	(1,169),
	(1,170),
	(1,171),
	(1,172),
	(1,173),
	(1,174),
	(1,175),
	(1,176),
	(1,177),
	(1,178),
	(1,179),
	(1,180),
	(1,181),
	(1,182),
	(1,183),
	(1,184),
	(1,185),
	(1,186),
	(1,187),
	(1,188),
	(1,189),
	(1,190),
	(1,191),
	(1,192),
	(1,193),
	(1,194),
	(1,195),
	(1,196),
	(1,197),
	(1,198),
	(1,199),
	(1,200),
	(1,201),
	(1,202),
	(1,203),
	(1,204),
	(1,205),
	(1,206),
	(1,207),
	(1,208),
	(1,209),
	(1,210),
	(1,211),
	(1,212),
	(1,213),
	(1,214),
	(1,215),
	(1,216),
	(1,217),
	(1,218),
	(1,219),
	(1,220),
	(1,221),
	(1,222),
	(1,223),
	(1,224),
	(1,225),
	(1,226),
	(1,227),
	(1,228),
	(1,229),
	(1,230),
	(1,231),
	(1,232),
	(1,233),
	(1,234),
	(1,235),
	(1,236),
	(1,237),
	(1,238),
	(1,239),
	(1,240),
	(1,241),
	(1,242),
	(1,243),
	(1,244),
	(1,245),
	(1,246),
	(1,247),
	(1,248),
	(1,249),
	(1,250),
	(1,251),
	(1,252),
	(1,253),
	(1,254),
	(1,255),
	(1,256),
	(1,257),
	(1,258),
	(1,259),
	(1,260),
	(1,261),
	(1,262),
	(1,263),
	(1,264),
	(1,265),
	(1,266),
	(1,267),
	(1,268),
	(1,269),
	(1,270),
	(1,271),
	(1,272),
	(1,273),
	(1,274),
	(1,275),
	(1,276),
	(1,277),
	(1,278),
	(1,279),
	(1,280),
	(1,281),
	(1,282),
	(1,283),
	(1,284),
	(1,285),
	(1,286),
	(1,287),
	(1,288),
	(1,289),
	(1,290),
	(1,291),
	(1,292),
	(1,293),
	(1,294),
	(1,295),
	(1,296),
	(1,297),
	(1,298),
	(1,299),
	(1,300),
	(1,301),
	(1,302),
	(1,303),
	(1,304),
	(1,305),
	(1,306),
	(1,307),
	(1,308),
	(1,309),
	(1,310),
	(1,311),
	(1,312),
	(1,313),
	(1,314),
	(1,315),
	(1,316),
	(1,317),
	(1,318),
	(1,319),
	(1,320),
	(1,321),
	(1,322),
	(1,323),
	(1,324),
	(1,325),
	(1,326),
	(1,327),
	(1,328),
	(1,329),
	(1,330),
	(1,331),
	(1,332),
	(1,333),
	(1,334),
	(1,335),
	(1,336),
	(1,337),
	(1,338),
	(1,339),
	(1,340),
	(1,341),
	(1,342),
	(1,343),
	(1,344),
	(1,345),
	(1,346),
	(1,347),
	(1,348),
	(1,349),
	(1,350),
	(1,351),
	(1,352),
	(1,353),
	(1,354),
	(1,355),
	(1,356),
	(1,357),
	(1,358),
	(1,359),
	(1,360),
	(1,361),
	(1,362),
	(1,363),
	(1,364),
	(1,365),
	(1,366),
	(1,367),
	(1,368),
	(1,369),
	(1,370),
	(1,371),
	(1,372),
	(1,373),
	(1,374),
	(1,375),
	(1,376),
	(1,377),
	(1,378),
	(1,379),
	(1,380),
	(1,381),
	(1,382),
	(1,383),
	(1,384),
	(1,385),
	(1,386),
	(1,387),
	(1,388),
	(1,389),
	(1,390),
	(1,391),
	(1,392),
	(1,393),
	(1,394),
	(1,395),
	(1,396),
	(1,397),
	(1,398),
	(1,399),
	(1,400),
	(1,401),
	(1,402),
	(1,403),
	(1,404),
	(1,405),
	(1,406),
	(1,407),
	(1,408),
	(1,409),
	(1,410),
	(1,411),
	(1,412),
	(1,413),
	(1,414),
	(1,415),
	(1,416),
	(1,417),
	(1,418),
	(1,419),
	(1,420),
	(1,421),
	(1,422),
	(1,423),
	(1,424),
	(1,425),
	(1,426),
	(1,427),
	(1,428),
	(1,429),
	(1,430),
	(1,431),
	(1,432),
	(1,433),
	(1,434),
	(1,435),
	(1,436),
	(1,437),
	(1,438),
	(1,439),
	(1,440),
	(1,441),
	(1,442),
	(1,443),
	(1,444),
	(1,445),
	(1,446),
	(1,447),
	(1,448),
	(1,449),
	(1,450),
	(1,451),
	(1,452),
	(1,453),
	(1,454),
	(1,455),
	(1,456),
	(1,457),
	(1,458),
	(1,459),
	(1,460),
	(1,461),
	(1,462),
	(1,463),
	(1,464),
	(1,465),
	(1,466),
	(1,467),
	(1,468),
	(1,469),
	(1,470),
	(1,471),
	(1,472),
	(1,473),
	(1,474),
	(1,475),
	(1,476),
	(1,477),
	(1,478),
	(1,479),
	(1,480),
	(1,481),
	(1,482),
	(1,483),
	(1,484),
	(1,485),
	(1,486),
	(1,487),
	(1,488),
	(1,489),
	(1,490),
	(1,491),
	(1,492),
	(1,493),
	(1,494),
	(1,495),
	(1,496),
	(1,497),
	(1,498),
	(1,499),
	(1,500),
	(1,501),
	(1,502),
	(1,503),
	(1,504),
	(1,505),
	(1,506),
	(1,507),
	(1,508),
	(1,509),
	(1,510),
	(1,511),
	(1,512),
	(1,513),
	(1,514),
	(1,515),
	(1,516),
	(1,517),
	(1,518),
	(1,519),
	(1,520),
	(1,521),
	(1,522),
	(1,523),
	(1,524),
	(1,525),
	(1,526),
	(1,527),
	(1,528),
	(1,529),
	(1,530),
	(1,531),
	(1,532),
	(1,533),
	(1,534),
	(1,535),
	(1,536),
	(1,537),
	(1,538),
	(1,539),
	(1,540),
	(1,541),
	(1,542),
	(1,543),
	(1,544),
	(1,545),
	(1,546),
	(1,547),
	(1,548),
	(1,549),
	(1,550),
	(1,551),
	(1,552),
	(1,553),
	(1,554),
	(1,555),
	(1,556),
	(1,557),
	(1,558),
	(1,559),
	(1,560),
	(1,561),
	(1,562),
	(1,563),
	(1,564),
	(1,565),
	(1,566),
	(1,567),
	(1,568),
	(1,569),
	(1,570),
	(1,571),
	(1,572),
	(1,573),
	(1,574),
	(1,575),
	(1,576),
	(1,577),
	(1,578),
	(1,579),
	(1,580),
	(1,581),
	(1,582),
	(1,583),
	(1,584),
	(1,585),
	(1,586),
	(1,587),
	(1,588),
	(1,589),
	(1,590),
	(1,591),
	(1,592),
	(1,593),
	(1,594),
	(1,595),
	(1,596),
	(1,597),
	(1,598),
	(1,599),
	(1,600),
	(1,601),
	(1,602),
	(1,603),
	(1,604),
	(1,605),
	(1,606),
	(1,607),
	(1,608),
	(1,609),
	(1,610),
	(1,611),
	(1,612),
	(1,613),
	(1,614),
	(1,615),
	(1,616),
	(1,617),
	(1,618),
	(1,619),
	(1,620),
	(1,621),
	(1,622),
	(1,623),
	(1,624),
	(1,625),
	(1,626),
	(1,627),
	(1,628),
	(1,629),
	(1,630),
	(1,631),
	(1,632),
	(1,633),
	(1,634),
	(1,635),
	(1,636),
	(1,637),
	(1,638),
	(1,639),
	(1,640),
	(1,641),
	(1,642),
	(1,643),
	(1,644),
	(1,645),
	(1,646),
	(1,647),
	(1,648),
	(1,649),
	(1,650),
	(1,651),
	(1,652),
	(1,653),
	(1,654),
	(1,655),
	(1,656),
	(1,657),
	(1,658),
	(1,659),
	(1,660),
	(1,661),
	(1,662),
	(1,663),
	(1,664),
	(1,665),
	(1,666),
	(1,667),
	(1,668),
	(1,669),
	(1,670),
	(1,671),
	(1,672),
	(1,673),
	(1,674),
	(1,675),
	(1,676),
	(1,677),
	(1,678),
	(1,679),
	(1,680),
	(1,681),
	(1,682),
	(1,683),
	(1,684),
	(1,685),
	(1,686),
	(1,687),
	(1,688),
	(1,689),
	(1,690),
	(1,691),
	(1,692),
	(1,693),
	(1,694),
	(1,695),
	(1,696),
	(1,697),
	(1,698),
	(1,699),
	(1,700),
	(1,701),
	(1,702),
	(1,703),
	(1,704),
	(1,705),
	(1,706),
	(1,707),
	(1,708),
	(1,709),
	(1,710),
	(1,711),
	(1,712),
	(1,713),
	(1,714),
	(1,715),
	(1,716),
	(1,717),
	(1,718),
	(1,719),
	(1,720),
	(1,721),
	(1,722),
	(1,723),
	(1,724),
	(1,725),
	(1,726),
	(1,727),
	(1,728),
	(1,729),
	(1,730),
	(1,731),
	(1,732),
	(1,733),
	(1,734),
	(1,735),
	(1,736),
	(1,737),
	(1,738),
	(1,739),
	(1,740),
	(1,741),
	(1,742),
	(1,743),
	(1,744),
	(1,745),
	(1,746),
	(1,747),
	(1,748),
	(1,749),
	(1,750),
	(1,751),
	(1,752),
	(1,753),
	(1,754),
	(1,755),
	(1,756),
	(1,757),
	(1,758),
	(1,759),
	(1,760),
	(1,761),
	(1,762),
	(1,763),
	(1,764),
	(1,765),
	(1,766),
	(1,767),
	(1,768),
	(1,769),
	(1,770),
	(1,771),
	(1,772),
	(1,773),
	(1,774),
	(1,775),
	(1,776),
	(1,777),
	(1,778),
	(1,779),
	(1,780),
	(1,781),
	(1,782),
	(1,783),
	(1,784),
	(1,785),
	(1,786),
	(1,787),
	(1,788),
	(1,789),
	(1,790),
	(1,791),
	(1,792),
	(1,793),
	(1,794),
	(1,795),
	(1,796),
	(1,797),
	(1,798),
	(1,799),
	(1,800)
-- le panel numero 2
,
	(2,1),
	(2,2),
	(2,4),
	(2,5),
	(2,6),
	(2,7),
	(2,8),
	(2,10),
	(2,11),
	(2,12),
	(2,14),
	(2,15),
	(2,17),
	(2,21),
	(2,25),
	(2,26),
	(2,27),
	(2,28),
	(2,29),
	(2,31),
	(2,34),
	(2,36),
	(2,40),
	(2,41),
	(2,43),
	(2,44),
	(2,46),
	(2,49),
	(2,55),
	(2,56),
	(2,57),
	(2,59),
	(2,60),
	(2,61),
	(2,62),
	(2,64),
	(2,66),
	(2,69),
	(2,70),
	(2,74),
	(2,76),
	(2,79),
	(2,80),
	(2,82),
	(2,83),
	(2,84),
	(2,85),
	(2,87),
	(2,90),
	(2,101),
	(2,102),
	(2,106),
	(2,107),
	(2,108),
	(2,109),
	(2,113),
	(2,114),
	(2,115),
	(2,116),
	(2,117),
	(2,118),
	(2,119),
	(2,122),
	(2,123),
	(2,126),
	(2,129),
	(2,133),
	(2,134),
	(2,138),
	(2,140),
	(2,141),
	(2,142),
	(2,143),
	(2,144),
	(2,145),
	(2,147),
	(2,149),
	(2,151),
	(2,153),
	(2,154),
	(2,155),
	(2,156),
	(2,157),
	(2,158),
	(2,160),
	(2,165),
	(2,166),
	(2,167),
	(2,168),
	(2,173),
	(2,175),
	(2,177),
	(2,181),
	(2,182),
	(2,183),
	(2,184),
	(2,185),
	(2,186),
	(2,201),
	(2,202),
	(2,204),
	(2,206),
	(2,209),
	(2,210),
	(2,212),
	(2,217),
	(2,218),
	(2,221),
	(2,222),
	(2,223),
	(2,224),
	(2,225),
	(2,226),
	(2,227),
	(2,231),
	(2,233),
	(2,234),
	(2,236),
	(2,237),
	(2,238),
	(2,239),
	(2,240),
	(2,241),
	(2,246),
	(2,249),
	(2,252),
	(2,253),
	(2,256),
	(2,258),
	(2,262),
	(2,265),
	(2,270),
	(2,275),
	(2,278),
	(2,279),
	(2,281),
	(2,284),
	(2,286),
	(2,287),
	(2,288),
	(2,290),
	(2,291),
	(2,295),
	(2,297),
	(2,298),
	(2,299),
	(2,300),
	(2,307),
	(2,308),
	(2,309),
	(2,311),
	(2,313),
	(2,314),
	(2,315),
	(2,317),
	(2,318),
	(2,319),
	(2,320),
	(2,321),
	(2,323),
	(2,325),
	(2,329),
	(2,332),
	(2,334),
	(2,337),
	(2,339),
	(2,340),
	(2,346),
	(2,347),
	(2,350),
	(2,351),
	(2,352),
	(2,353),
	(2,356),
	(2,357),
	(2,358),
	(2,359),
	(2,361),
	(2,363),
	(2,373),
	(2,375),
	(2,377),
	(2,378),
	(2,379),
	(2,380),
	(2,381),
	(2,382),
	(2,383),
	(2,385),
	(2,386),
	(2,388),
	(2,393),
	(2,395),
	(2,396),
	(2,398),
	(2,399),
	(2,401),
	(2,404),
	(2,405),
	(2,406),
	(2,407),
	(2,409),
	(2,414),
	(2,415),
	(2,416),
	(2,421),
	(2,424),
	(2,429),
	(2,431),
	(2,432),
	(2,433),
	(2,435),
	(2,436),
	(2,437),
	(2,439),
	(2,442),
	(2,444),
	(2,445),
	(2,451),
	(2,452),
	(2,453),
	(2,456),
	(2,457),
	(2,458),
	(2,459),
	(2,460),
	(2,462),
	(2,463),
	(2,464),
	(2,465),
	(2,468),
	(2,472),
	(2,478),
	(2,479),
	(2,481),
	(2,482),
	(2,484),
	(2,485),
	(2,486),
	(2,487),
	(2,488),
	(2,489),
	(2,491),
	(2,492),
	(2,497),
	(2,501),
	(2,502),
	(2,503),
	(2,504),
	(2,506),
	(2,507),
	(2,508),
	(2,509),
	(2,512),
	(2,515),
	(2,516),
	(2,518),
	(2,519),
	(2,520),
	(2,522),
	(2,523),
	(2,524),
	(2,525),
	(2,527),
	(2,531),
	(2,534),
	(2,535),
	(2,536),
	(2,537),
	(2,538),
	(2,539),
	(2,545),
	(2,549),
	(2,550),
	(2,551),
	(2,552),
	(2,554),
	(2,556),
	(2,557),
	(2,559),
	(2,561),
	(2,562),
	(2,565),
	(2,566),
	(2,567),
	(2,568),
	(2,570),
	(2,571),
	(2,573),
	(2,576),
	(2,577),
	(2,580),
	(2,581),
	(2,582),
	(2,601),
	(2,603),
	(2,605),
	(2,606),
	(2,608),
	(2,609),
	(2,611),
	(2,615),
	(2,616),
	(2,623),
	(2,626),
	(2,627),
	(2,628),
	(2,632),
	(2,634),
	(2,635),
	(2,638),
	(2,640),
	(2,643),
	(2,645),
	(2,646),
	(2,647),
	(2,648),
	(2,650),
	(2,651),
	(2,654),
	(2,658),
	(2,659),
	(2,661),
	(2,662),
	(2,666),
	(2,667),
	(2,675),
	(2,676),
	(2,678),
	(2,679),
	(2,680),
	(2,681),
	(2,683),
	(2,685),
	(2,686),
	(2,687),
	(2,688),
	(2,689),
	(2,690),
	(2,692),
	(2,693),
	(2,696),
	(2,698),
	(2,701),
	(2,704),
	(2,705),
	(2,706),
	(2,708),
	(2,709),
	(2,711),
	(2,715),
	(2,716),
	(2,718),
	(2,719),
	(2,724),
	(2,726),
	(2,727),
	(2,728),
	(2,732),
	(2,734),
	(2,735),
	(2,738),
	(2,739),
	(2,741),
	(2,743),
	(2,744),
	(2,745),
	(2,746),
	(2,748),
	(2,749),
	(2,750),
	(2,751),
	(2,752),
	(2,759),
	(2,760),
	(2,761),
	(2,765),
	(2,766),
	(2,767),
	(2,768),
	(2,771),
	(2,775),
	(2,776),
	(2,777),
	(2,781),
	(2,784),
	(2,785),
	(2,794),
	(2,795),
	(2,797),
	(2,798),
	(2,799),
	(2,801),
	(2,805),
	(2,806),
	(2,807),
	(2,808),
	(2,811),
	(2,812),
	(2,813),
	(2,814),
	(2,815),
	(2,817),
	(2,820),
	(2,821),
	(2,822),
	(2,823),
	(2,826),
	(2,827),
	(2,828),
	(2,829),
	(2,830),
	(2,831),
	(2,833),
	(2,836),
	(2,838),
	(2,840),
	(2,841),
	(2,843),
	(2,845),
	(2,852),
	(2,854),
	(2,857),
	(2,861),
	(2,863),
	(2,866),
	(2,869),
	(2,871),
	(2,873),
	(2,874),
	(2,875),
	(2,877),
	(2,879),
	(2,880),
	(2,883),
	(2,886),
	(2,890),
	(2,891),
	(2,892),
	(2,895),
	(2,897),
	(2,901),
	(2,903),
	(2,905),
	(2,906),
	(2,908),
	(2,909),
	(2,910),
	(2,911),
	(2,912),
	(2,913),
	(2,915),
	(2,917),
	(2,918),
	(2,920),
	(2,921),
	(2,922),
	(2,924),
	(2,926),
	(2,930),
	(2,932),
	(2,933),
	(2,935),
	(2,936),
	(2,939),
	(2,944),
	(2,946),
	(2,949),
	(2,950),
	(2,951),
	(2,954),
	(2,955),
	(2,956),
	(2,957),
	(2,958),
	(2,961),
	(2,963),
	(2,966),
	(2,969),
	(2,970),
	(2,972),
	(2,974),
	(2,975),
	(2,979),
	(2,980),
	(2,983),
	(2,984),
	(2,986),
	(2,989),
	(2,990),
	(2,1001),
	(2,1003),
	(2,1004),
	(2,1005),
	(2,1007),
	(2,1008),
	(2,1009),
	(2,1013),
	(2,1014),
	(2,1016),
	(2,1017),
	(2,1018),
	(2,1022),
	(2,1024),
	(2,1025),
	(2,1031),
	(2,1032),
	(2,1033),
	(2,1035),
	(2,1038),
	(2,1039),
	(2,1042),
	(2,1045),
	(2,1046),
	(2,1048),
	(2,1049),
	(2,1050),
	(2,1052),
	(2,1054),
	(2,1056),
	(2,1060),
	(2,1061),
	(2,1064),
	(2,1066),
	(2,1067),
	(2,1068),
	(2,1074),
	(2,1075),
	(2,1077),
	(2,1078),
	(2,1081),
	(2,1087),
	(2,1091),
	(2,1092),
	(2,1093),
	(2,1094),
	(2,1095),
	(2,1099),
	(2,1100),
	(2,1111),
	(2,1112),
	(2,1113),
	(2,1115),
	(2,1122),
	(2,1123),
	(2,1124),
	(2,1127),
	(2,1134),
	(2,1137),
	(2,1138),
	(2,1140),
	(2,1142),
	(2,1143),
	(2,1144),
	(2,1151),
	(2,1154),
	(2,1156),
	(2,1157),
	(2,1158),
	(2,1161),
	(2,1162),
	(2,1165),
	(2,1166),
	(2,1167),
	(2,1168),
	(2,1170),
	(2,1171),
	(2,1174),
	(2,1175),
	(2,1176),
	(2,1178),
	(2,1180),
	(2,1182),
	(2,1183),
	(2,1184),
	(2,1185),
	(2,1186),
	(2,1187),
	(2,1188),
	(2,1189),
	(2,1190),
	(2,1193),
	(2,1194),
	(2,1195),
	(2,1197),
	(2,1198),
	(2,1199),
	(2,1200),
	(2,1201),
	(2,1203),
	(2,1207),
	(2,1208),
	(2,1216),
	(2,1217),
	(2,1220),
	(2,1221),
	(2,1224),
	(2,1225),
	(2,1226),
	(2,1230),
	(2,1232),
	(2,1235),
	(2,1236),
	(2,1241),
	(2,1242),
	(2,1243),
	(2,1244),
	(2,1245),
	(2,1247),
	(2,1252),
	(2,1253),
	(2,1254),
	(2,1255),
	(2,1256),
	(2,1257),
	(2,1258),
	(2,1259),
	(2,1261),
	(2,1263),
	(2,1264),
	(2,1265),
	(2,1266),
	(2,1270),
	(2,1271),
	(2,1272),
	(2,1280),
	(2,1283),
	(2,1284),
	(2,1285),
	(2,1286),
	(2,1287),
	(2,1288),
	(2,1289),
	(2,1291),
	(2,1292),
	(2,1293),
	(2,1294),
	(2,1301),
	(2,1303),
	(2,1305),
	(2,1306),
	(2,1307),
	(2,1308),
	(2,1313),
	(2,1315),
	(2,1316),
	(2,1317),
	(2,1318),
	(2,1319),
	(2,1322),
	(2,1325),
	(2,1328),
	(2,1330),
	(2,1331),
	(2,1332),
	(2,1334),
	(2,1335),
	(2,1337),
	(2,1338),
	(2,1339),
	(2,1340),
	(2,1342),
	(2,1344),
	(2,1345),
	(2,1348)
-- le panel numero 3
,
	(3,547),
	(3,548),
	(3,549),
	(3,550),
	(3,551),
	(3,552),
	(3,553),
	(3,554),
	(3,555),
	(3,556),
	(3,557),
	(3,558),
	(3,559),
	(3,560),
	(3,561),
	(3,562),
	(3,563),
	(3,564),
	(3,565),
	(3,566),
	(3,567),
	(3,568),
	(3,569),
	(3,570),
	(3,571),
	(3,572),
	(3,573),
	(3,574),
	(3,575),
	(3,576),
	(3,577),
	(3,578),
	(3,579),
	(3,580),
	(3,581),
	(3,582),
	(3,583),
	(3,584),
	(3,585),
	(3,586),
	(3,587),
	(3,588),
	(3,589),
	(3,590),
	(3,591),
	(3,592),
	(3,593),
	(3,594),
	(3,595),
	(3,596),
	(3,597),
	(3,598),
	(3,599),
	(3,600),
	(3,601),
	(3,602),
	(3,603),
	(3,604),
	(3,605),
	(3,606),
	(3,607),
	(3,608),
	(3,609),
	(3,610),
	(3,611),
	(3,612),
	(3,613),
	(3,614),
	(3,615),
	(3,616),
	(3,617),
	(3,618),
	(3,619),
	(3,620),
	(3,621),
	(3,622),
	(3,623),
	(3,624),
	(3,625),
	(3,626),
	(3,627),
	(3,628),
	(3,629),
	(3,630),
	(3,631),
	(3,632),
	(3,633),
	(3,634),
	(3,635),
	(3,636),
	(3,637),
	(3,638),
	(3,639),
	(3,640),
	(3,641),
	(3,642),
	(3,643),
	(3,644),
	(3,645),
	(3,646),
	(3,647),
	(3,648),
	(3,649),
	(3,650),
	(3,651),
	(3,652),
	(3,653),
	(3,654),
	(3,655),
	(3,656),
	(3,657),
	(3,658),
	(3,659),
	(3,660),
	(3,661),
	(3,662),
	(3,663),
	(3,664),
	(3,665),
	(3,666),
	(3,667),
	(3,668),
	(3,669),
	(3,670),
	(3,671),
	(3,672),
	(3,673),
	(3,674),
	(3,675),
	(3,676),
	(3,677),
	(3,678),
	(3,679),
	(3,680),
	(3,681),
	(3,682),
	(3,683),
	(3,684),
	(3,685),
	(3,686),
	(3,687),
	(3,688),
	(3,689),
	(3,690),
	(3,691),
	(3,692),
	(3,693),
	(3,694),
	(3,695),
	(3,696),
	(3,697),
	(3,698),
	(3,699),
	(3,700),
	(3,701),
	(3,702),
	(3,703),
	(3,704),
	(3,705),
	(3,706),
	(3,707),
	(3,708),
	(3,709),
	(3,710),
	(3,711),
	(3,712),
	(3,713),
	(3,714),
	(3,715),
	(3,716),
	(3,717),
	(3,718),
	(3,719),
	(3,720),
	(3,721),
	(3,722),
	(3,723),
	(3,724),
	(3,725),
	(3,726),
	(3,727),
	(3,728),
	(3,729),
	(3,730),
	(3,731),
	(3,732),
	(3,733),
	(3,734),
	(3,735),
	(3,736),
	(3,737),
	(3,738),
	(3,739),
	(3,740),
	(3,741),
	(3,742),
	(3,743),
	(3,744),
	(3,745),
	(3,746),
	(3,747),
	(3,748),
	(3,749),
	(3,750),
	(3,751),
	(3,752),
	(3,753),
	(3,754),
	(3,755),
	(3,756),
	(3,757),
	(3,758),
	(3,759),
	(3,760),
	(3,761),
	(3,762),
	(3,763),
	(3,764),
	(3,765),
	(3,766),
	(3,767),
	(3,768),
	(3,769),
	(3,770),
	(3,771),
	(3,772),
	(3,773),
	(3,774),
	(3,775),
	(3,776),
	(3,777),
	(3,778),
	(3,779),
	(3,780),
	(3,781),
	(3,782),
	(3,783),
	(3,784),
	(3,785),
	(3,786),
	(3,787),
	(3,788),
	(3,789),
	(3,790),
	(3,791),
	(3,792),
	(3,793),
	(3,794),
	(3,795),
	(3,796),
	(3,797),
	(3,798),
	(3,799),
	(3,800),
	(3,801),
	(3,802),
	(3,803),
	(3,804),
	(3,805),
	(3,806),
	(3,807),
	(3,808),
	(3,809),
	(3,810),
	(3,811),
	(3,812),
	(3,813),
	(3,814),
	(3,815),
	(3,816),
	(3,817),
	(3,818),
	(3,819),
	(3,820),
	(3,821),
	(3,822),
	(3,823),
	(3,824),
	(3,825),
	(3,826),
	(3,827),
	(3,828),
	(3,829),
	(3,830),
	(3,831),
	(3,832),
	(3,833),
	(3,834),
	(3,835),
	(3,836),
	(3,837),
	(3,838),
	(3,839),
	(3,840),
	(3,841),
	(3,842),
	(3,843),
	(3,844),
	(3,845),
	(3,846),
	(3,847),
	(3,848),
	(3,849),
	(3,850),
	(3,851),
	(3,852),
	(3,853),
	(3,854),
	(3,855),
	(3,856),
	(3,857),
	(3,858),
	(3,859),
	(3,860),
	(3,861),
	(3,862),
	(3,863),
	(3,864),
	(3,865),
	(3,866),
	(3,867),
	(3,868),
	(3,869),
	(3,870),
	(3,871),
	(3,872),
	(3,873),
	(3,874),
	(3,875),
	(3,876),
	(3,877),
	(3,878),
	(3,879),
	(3,880),
	(3,881),
	(3,882),
	(3,883),
	(3,884),
	(3,885),
	(3,886),
	(3,887),
	(3,888),
	(3,889),
	(3,890),
	(3,891),
	(3,892),
	(3,893),
	(3,894),
	(3,895),
	(3,896),
	(3,897),
	(3,898),
	(3,899),
	(3,900),
	(3,901),
	(3,902),
	(3,903),
	(3,904),
	(3,905),
	(3,906),
	(3,907),
	(3,908),
	(3,909),
	(3,910),
	(3,911),
	(3,912),
	(3,913),
	(3,914),
	(3,915),
	(3,916),
	(3,917),
	(3,918),
	(3,919),
	(3,920),
	(3,921),
	(3,922),
	(3,923),
	(3,924),
	(3,925),
	(3,926),
	(3,927),
	(3,928),
	(3,929),
	(3,930),
	(3,931),
	(3,932),
	(3,933),
	(3,934),
	(3,935),
	(3,936),
	(3,937),
	(3,938),
	(3,939),
	(3,940),
	(3,941),
	(3,942),
	(3,943),
	(3,944),
	(3,945),
	(3,946),
	(3,947),
	(3,948),
	(3,949),
	(3,950),
	(3,951),
	(3,952),
	(3,953),
	(3,954),
	(3,955),
	(3,956),
	(3,957),
	(3,958),
	(3,959),
	(3,960),
	(3,961),
	(3,962),
	(3,963),
	(3,964),
	(3,965),
	(3,966),
	(3,967),
	(3,968),
	(3,969),
	(3,970),
	(3,971),
	(3,972),
	(3,973),
	(3,974),
	(3,975),
	(3,976),
	(3,977),
	(3,978),
	(3,979),
	(3,980),
	(3,981),
	(3,982),
	(3,983),
	(3,984),
	(3,985),
	(3,986),
	(3,987),
	(3,988),
	(3,989),
	(3,990),
	(3,991),
	(3,992),
	(3,993),
	(3,994),
	(3,995),
	(3,996),
	(3,997),
	(3,998),
	(3,999),
	(3,1000),
	(3,1001),
	(3,1002),
	(3,1003),
	(3,1004),
	(3,1005),
	(3,1006),
	(3,1007),
	(3,1008),
	(3,1009),
	(3,1010),
	(3,1011),
	(3,1012),
	(3,1013),
	(3,1014),
	(3,1015),
	(3,1016),
	(3,1017),
	(3,1018),
	(3,1019),
	(3,1020),
	(3,1021),
	(3,1022),
	(3,1023),
	(3,1024),
	(3,1025),
	(3,1026),
	(3,1027),
	(3,1028),
	(3,1029),
	(3,1030),
	(3,1031),
	(3,1032),
	(3,1033),
	(3,1034),
	(3,1035),
	(3,1036),
	(3,1037),
	(3,1038),
	(3,1039),
	(3,1040),
	(3,1041),
	(3,1042),
	(3,1043),
	(3,1044),
	(3,1045),
	(3,1046),
	(3,1047),
	(3,1048),
	(3,1049),
	(3,1050),
	(3,1051),
	(3,1052),
	(3,1053),
	(3,1054),
	(3,1055),
	(3,1056),
	(3,1057),
	(3,1058),
	(3,1059),
	(3,1060),
	(3,1061),
	(3,1062),
	(3,1063),
	(3,1064),
	(3,1065),
	(3,1066),
	(3,1067),
	(3,1068),
	(3,1069),
	(3,1070),
	(3,1071),
	(3,1072),
	(3,1073),
	(3,1074),
	(3,1075),
	(3,1076),
	(3,1077),
	(3,1078),
	(3,1079),
	(3,1080),
	(3,1081),
	(3,1082),
	(3,1083),
	(3,1084),
	(3,1085),
	(3,1086),
	(3,1087),
	(3,1088),
	(3,1089),
	(3,1090),
	(3,1091),
	(3,1092),
	(3,1093),
	(3,1094),
	(3,1095),
	(3,1096),
	(3,1097),
	(3,1098),
	(3,1099),
	(3,1100),
	(3,1101),
	(3,1102),
	(3,1103),
	(3,1104),
	(3,1105),
	(3,1106),
	(3,1107),
	(3,1108),
	(3,1109),
	(3,1110),
	(3,1111),
	(3,1112),
	(3,1113),
	(3,1114),
	(3,1115),
	(3,1116),
	(3,1117),
	(3,1118),
	(3,1119),
	(3,1120),
	(3,1121),
	(3,1122),
	(3,1123),
	(3,1124),
	(3,1125),
	(3,1126),
	(3,1127),
	(3,1128),
	(3,1129),
	(3,1130),
	(3,1131),
	(3,1132),
	(3,1133),
	(3,1134),
	(3,1135),
	(3,1136),
	(3,1137),
	(3,1138),
	(3,1139),
	(3,1140),
	(3,1141),
	(3,1142),
	(3,1143),
	(3,1144),
	(3,1145),
	(3,1146),
	(3,1147),
	(3,1148),
	(3,1149),
	(3,1150),
	(3,1151),
	(3,1152),
	(3,1153),
	(3,1154),
	(3,1155),
	(3,1156),
	(3,1157),
	(3,1158),
	(3,1159),
	(3,1160),
	(3,1161),
	(3,1162),
	(3,1163),
	(3,1164),
	(3,1165),
	(3,1166),
	(3,1167),
	(3,1168),
	(3,1169),
	(3,1170),
	(3,1171),
	(3,1172),
	(3,1173),
	(3,1174),
	(3,1175),
	(3,1176),
	(3,1177),
	(3,1178),
	(3,1179),
	(3,1180),
	(3,1181),
	(3,1182),
	(3,1183),
	(3,1184),
	(3,1185),
	(3,1186),
	(3,1187),
	(3,1188),
	(3,1189),
	(3,1190),
	(3,1191),
	(3,1192),
	(3,1193),
	(3,1194),
	(3,1195),
	(3,1196),
	(3,1197),
	(3,1198),
	(3,1199),
	(3,1200),
	(3,1201),
	(3,1202),
	(3,1203),
	(3,1204),
	(3,1205),
	(3,1206),
	(3,1207),
	(3,1208),
	(3,1209),
	(3,1210),
	(3,1211),
	(3,1212),
	(3,1213),
	(3,1214),
	(3,1215),
	(3,1216),
	(3,1217),
	(3,1218),
	(3,1219),
	(3,1220),
	(3,1221),
	(3,1222),
	(3,1223),
	(3,1224),
	(3,1225),
	(3,1226),
	(3,1227),
	(3,1228),
	(3,1229),
	(3,1230),
	(3,1231),
	(3,1232),
	(3,1233),
	(3,1234),
	(3,1235),
	(3,1236),
	(3,1237),
	(3,1238),
	(3,1239),
	(3,1240),
	(3,1241),
	(3,1242),
	(3,1243),
	(3,1244),
	(3,1245),
	(3,1246),
	(3,1247),
	(3,1248),
	(3,1249),
	(3,1250),
	(3,1251),
	(3,1252),
	(3,1253),
	(3,1254),
	(3,1255),
	(3,1256),
	(3,1257),
	(3,1258),
	(3,1259),
	(3,1260),
	(3,1261),
	(3,1262),
	(3,1263),
	(3,1264),
	(3,1265),
	(3,1266),
	(3,1267),
	(3,1268),
	(3,1269),
	(3,1270),
	(3,1271),
	(3,1272),
	(3,1273),
	(3,1274),
	(3,1275),
	(3,1276),
	(3,1277),
	(3,1278),
	(3,1279),
	(3,1280),
	(3,1281),
	(3,1282),
	(3,1283),
	(3,1284),
	(3,1285),
	(3,1286),
	(3,1287),
	(3,1288),
	(3,1289),
	(3,1290),
	(3,1291),
	(3,1292),
	(3,1293),
	(3,1294),
	(3,1295),
	(3,1296),
	(3,1297),
	(3,1298),
	(3,1299),
	(3,1300),
	(3,1301),
	(3,1302),
	(3,1303),
	(3,1304),
	(3,1305),
	(3,1306),
	(3,1307),
	(3,1308),
	(3,1309),
	(3,1310),
	(3,1311),
	(3,1312),
	(3,1313),
	(3,1314),
	(3,1315),
	(3,1316),
	(3,1317),
	(3,1318),
	(3,1319),
	(3,1320),
	(3,1321),
	(3,1322),
	(3,1323),
	(3,1324),
	(3,1325),
	(3,1326),
	(3,1327),
	(3,1328),
	(3,1329),
	(3,1330),
	(3,1331),
	(3,1332),
	(3,1333),
	(3,1334),
	(3,1335),
	(3,1336),
	(3,1337),
	(3,1338),
	(3,1339),
	(3,1340),
	(3,1341),
	(3,1342),
	(3,1343),
	(3,1344),
	(3,1345),
	(3,1346);
